{"1-2": [0.6666666666666666, 219.0], "1-3": [6.5, 2947.0], "1-4": [7.583333333333333, 4721.0], "1-5": [8.0, 4830.0], "1-6": [7.766666666666667, 4753.0], "1-7": [7.033333333333333, 4782.0], "1-8": [6.6, 4632.0], "1-9": [7.75, 4831.0], "1-10": [8.916666666666666, 6197.0], "1-11": [10.35, 3862.0], "1-12": [2.5166666666666666, 937.0], "1-13": [9.066666666666666, 6350.0], "1-14": [7.333333333333333, 4180.0], "1-15": [7.566666666666666, 4205.0], "1-16": [10.033333333333333, 5963.0], "1-17": [7.316666666666666, 4797.0], "1-18": [7.983333333333333, 5130.0], "1-19": [8.166666666666666, 5404.0], "1-20": [6.15, 4568.0], "1-21": [7.0, 4825.0], "1-22": [9.8, 6141.0], "1-23": [9.416666666666666, 6113.0], "1-24": [8.883333333333333, 5848.0], "1-25": [8.983333333333333, 3755.0], "1-26": [5.95, 3697.0], "1-27": [8.4, 5456.0], "1-28": [8.783333333333333, 4885.0], "1-29": [9.983333333333333, 6238.0], "1-30": [10.25, 5963.0], "1-31": [10.066666666666666, 5265.0], "1-32": [9.75, 5036.0], "1-33": [10.766666666666667, 4781.0], "1-34": [11.166666666666666, 5301.0], "1-35": [11.0, 5134.0], "1-36": [11.55, 5649.0], "1-37": [11.616666666666667, 7348.0], "1-38": [11.1, 7003.0], "1-39": [9.55, 5965.0], "1-40": [10.566666666666666, 6190.0], "1-41": [8.883333333333333, 5640.0], "1-42": [10.566666666666666, 6714.0], "1-43": [11.533333333333333, 6696.0], "1-44": [11.783333333333333, 6320.0], "1-45": [9.466666666666667, 5845.0], "1-46": [10.5, 5964.0], "1-47": [9.483333333333333, 4343.0], "1-48": [10.183333333333334, 4459.0], "1-49": [10.733333333333333, 4758.0], "1-50": [11.55, 5275.0], "1-51": [4.2, 2220.0], "1-52": [6.35, 3401.0], "1-53": [7.683333333333334, 3804.0], "1-54": [8.766666666666667, 4081.0000000000005], "1-55": [10.4, 3825.0], "1-56": [9.183333333333334, 5315.0], "1-57": [9.0, 5522.0], "1-58": [9.9, 5117.0], "1-59": [8.483333333333333, 4196.0], "1-60": [8.283333333333333, 3081.0], "1-61": [6.583333333333333, 3616.0], "1-62": [9.366666666666667, 4747.0], "1-63": [10.316666666666666, 5526.0], "1-64": [6.516666666666667, 3402.0], "1-65": [5.7, 2620.0], "1-66": [4.6, 1754.0], "1-67": [8.166666666666666, 3206.0], "1-68": [9.516666666666667, 5008.0], "1-69": [8.133333333333333, 4767.0], "1-70": [5.916666666666667, 3652.0]}