{"7-1": [8.816666666666666, 4947.0], "7-2": [8.516666666666667, 4854.0], "7-3": [10.483333333333333, 4838.0], "7-4": [3.3666666666666667, 1043.0], "7-5": [1.8166666666666667, 557.0], "7-6": [1.5833333333333333, 480.0], "7-8": [0.08333333333333333, 29.0], "7-9": [1.7833333333333334, 624.0], "7-10": [4.766666666666667, 2748.0], "7-11": [8.766666666666667, 3919.0], "7-12": [9.55, 5211.0], "7-13": [4.916666666666667, 2901.0], "7-14": [4.233333333333333, 2037.0], "7-15": [4.466666666666667, 2062.0], "7-16": [3.7, 1690.0], "7-17": [1.0, 524.0], "7-18": [1.6666666666666667, 857.0], "7-19": [1.85, 1131.0], "7-20": [2.683333333333333, 815.0], "7-21": [3.683333333333333, 1072.0], "7-22": [3.8, 1697.0], "7-23": [3.4166666666666665, 1669.0], "7-24": [2.8666666666666667, 1404.0], "7-25": [9.633333333333333, 4565.0], "7-26": [4.733333333333333, 1592.0], "7-27": [2.3833333333333333, 1012.0], "7-28": [5.216666666666667, 2318.0], "7-29": [11.716666666666667, 7962.0], "7-30": [10.683333333333334, 6481.0], "7-31": [9.2, 5903.0], "7-32": [8.883333333333333, 5674.0], "7-33": [8.4, 4962.0], "7-34": [7.433333333333334, 4486.0], "7-35": [7.266666666666667, 4319.0], "7-36": [5.666666666666667, 3372.0], "7-37": [5.3, 3075.0], "7-38": [4.783333333333333, 2730.0], "7-39": [3.2333333333333334, 1692.0], "7-40": [4.233333333333333, 1917.0], "7-41": [2.566666666666667, 1367.0], "7-42": [4.25, 2441.0], "7-43": [5.2, 2423.0], "7-44": [5.55, 2047.0000000000002], "7-45": [3.8833333333333333, 1394.0], "7-46": [4.266666666666667, 1691.0], "7-47": [5.5, 2172.0], "7-48": [10.066666666666666, 3735.0], "7-49": [7.3, 3015.0], "7-50": [8.266666666666667, 3189.0], "7-51": [7.1, 3220.0], "7-52": [6.133333333333334, 2696.0], "7-53": [7.8, 3601.0], "7-54": [8.0, 3629.0], "7-55": [8.583333333333334, 4925.0], "7-56": [12.0, 6258.0], "7-57": [11.816666666666666, 6465.0], "7-58": [12.716666666666667, 6060.0], "7-59": [10.016666666666667, 4907.0], "7-60": [8.916666666666666, 3891.0], "7-61": [9.95, 4828.0], "7-62": [10.933333333333334, 5458.0], "7-63": [13.166666666666666, 6469.0], "7-64": [7.45, 3527.0], "7-65": [9.683333333333334, 4316.0], "7-66": [9.55, 4461.0], "7-67": [9.016666666666667, 2897.0], "7-68": [12.35, 5951.0], "7-69": [10.966666666666667, 5710.0], "7-70": [5.483333333333333, 1873.0]}