{"1-2": {"0:00": [0.6666666666666666, 219.0], "0:05": [0.6666666666666666, 219.0], "0:10": [0.6666666666666666, 219.0], "0:15": [0.6666666666666666, 219.0], "0:20": [0.6666666666666666, 219.0], "0:25": [0.6666666666666666, 219.0], "0:30": [0.6666666666666666, 219.0], "0:35": [0.6666666666666666, 219.0], "0:40": [0.6666666666666666, 219.0], "0:45": [0.6666666666666666, 219.0], "0:50": [0.6666666666666666, 219.0], "0:55": [0.6666666666666666, 219.0], "1:00": [0.6666666666666666, 219.0], "1:05": [0.6666666666666666, 219.0], "1:10": [0.6666666666666666, 219.0], "1:15": [0.6666666666666666, 219.0], "1:20": [0.6666666666666666, 219.0], "1:25": [0.6666666666666666, 219.0], "1:30": [0.6666666666666666, 219.0], "1:35": [0.6666666666666666, 219.0], "1:40": [0.6666666666666666, 219.0], "1:45": [0.6666666666666666, 219.0], "1:50": [0.6666666666666666, 219.0], "1:55": [0.6666666666666666, 219.0], "2:00": [0.6666666666666666, 219.0], "2:05": [0.6666666666666666, 219.0], "2:10": [0.6666666666666666, 219.0], "2:15": [0.6666666666666666, 219.0], "2:20": [0.6666666666666666, 219.0], "2:25": [0.6666666666666666, 219.0], "2:30": [0.6666666666666666, 219.0], "2:35": [0.6666666666666666, 219.0], "2:40": [0.6666666666666666, 219.0], "2:45": [0.6666666666666666, 219.0], "2:50": [0.6666666666666666, 219.0], "2:55": [0.6666666666666666, 219.0], "3:00": [0.6666666666666666, 219.0], "3:05": [0.6666666666666666, 219.0], "3:10": [0.6666666666666666, 219.0], "3:15": [0.6666666666666666, 219.0], "3:20": [0.6666666666666666, 219.0], "3:25": [0.6666666666666666, 219.0], "3:30": [0.6666666666666666, 219.0], "3:35": [0.6666666666666666, 219.0], "3:40": [0.6666666666666666, 219.0], "3:45": [0.6666666666666666, 219.0], "3:50": [0.6666666666666666, 219.0], "3:55": [0.6666666666666666, 219.0], "4:00": [0.6666666666666666, 219.0], "4:05": [0.6666666666666666, 219.0], "4:10": [0.6666666666666666, 219.0], "4:15": [0.6666666666666666, 219.0], "4:20": [0.6666666666666666, 219.0], "4:25": [0.6666666666666666, 219.0], "4:30": [0.6666666666666666, 219.0], "4:35": [0.6666666666666666, 219.0], "4:40": [0.6666666666666666, 219.0], "4:45": [0.6666666666666666, 219.0], "4:50": [0.6666666666666666, 219.0], "4:55": [0.6666666666666666, 219.0], "5:00": [0.6666666666666666, 219.0], "5:05": [0.6666666666666666, 219.0], "5:10": [0.6666666666666666, 219.0], "5:15": [0.6666666666666666, 219.0], "5:20": [0.6666666666666666, 219.0], "5:25": [0.6666666666666666, 219.0], "5:30": [0.6666666666666666, 219.0], "5:35": [0.6666666666666666, 219.0], "5:40": [0.6666666666666666, 219.0], "5:45": [0.6666666666666666, 219.0], "5:50": [0.6666666666666666, 219.0], "5:55": [0.6666666666666666, 219.0], "6:00": [0.6666666666666666, 219.0], "6:05": [0.6666666666666666, 219.0], "6:10": [0.6666666666666666, 219.0], "6:15": [0.6666666666666666, 219.0], "6:20": [0.6666666666666666, 219.0], "6:25": [0.6666666666666666, 219.0], "6:30": [0.6666666666666666, 219.0], "6:35": [0.6666666666666666, 219.0], "6:40": [0.6666666666666666, 219.0], "6:45": [0.6666666666666666, 219.0], "6:50": [0.6666666666666666, 219.0], "6:55": [0.6666666666666666, 219.0], "7:00": [0.6666666666666666, 219.0], "7:05": [0.6666666666666666, 219.0], "7:10": [0.6666666666666666, 219.0], "7:15": [0.6666666666666666, 219.0], "7:20": [0.6666666666666666, 219.0], "7:25": [0.6666666666666666, 219.0], "7:30": [0.6666666666666666, 219.0], "7:35": [0.6666666666666666, 219.0], "7:40": [0.6666666666666666, 219.0], "7:45": [0.6666666666666666, 219.0], "7:50": [0.6666666666666666, 219.0], "7:55": [0.6666666666666666, 219.0], "8:00": [0.6666666666666666, 219.0], "8:05": [0.6666666666666666, 219.0], "8:10": [0.6666666666666666, 219.0], "8:15": [0.6666666666666666, 219.0], "8:20": [0.6666666666666666, 219.0], "8:25": [0.6666666666666666, 219.0], "8:30": [0.6666666666666666, 219.0], "8:35": [0.6666666666666666, 219.0], "8:40": [0.6666666666666666, 219.0], "8:45": [0.6666666666666666, 219.0], "8:50": [0.6666666666666666, 219.0], "8:55": [0.6666666666666666, 219.0], "9:00": [0.6666666666666666, 219.0], "9:05": [0.6666666666666666, 219.0], "9:10": [0.6666666666666666, 219.0], "9:15": [0.6666666666666666, 219.0], "9:20": [0.6666666666666666, 219.0], "9:25": [0.6666666666666666, 219.0], "9:30": [0.6666666666666666, 219.0], "9:35": [0.6666666666666666, 219.0], "9:40": [0.6666666666666666, 219.0], "9:45": [0.6666666666666666, 219.0], "9:50": [0.6666666666666666, 219.0], "9:55": [0.6666666666666666, 219.0], "10:00": [0.6666666666666666, 219.0], "10:05": [0.6666666666666666, 219.0], "10:10": [0.6666666666666666, 219.0], "10:15": [0.6666666666666666, 219.0], "10:20": [0.6666666666666666, 219.0], "10:25": [0.6666666666666666, 219.0], "10:30": [0.6666666666666666, 219.0], "10:35": [0.6666666666666666, 219.0], "10:40": [0.6666666666666666, 219.0], "10:45": [0.6666666666666666, 219.0], "10:50": [0.6666666666666666, 219.0], "10:55": [0.6666666666666666, 219.0], "11:00": [0.6666666666666666, 219.0], "11:05": [0.6666666666666666, 219.0], "11:10": [0.6666666666666666, 219.0], "11:15": [0.6666666666666666, 219.0], "11:20": [0.6666666666666666, 219.0], "11:25": [0.6666666666666666, 219.0], "11:30": [0.6666666666666666, 219.0], "11:35": [0.6666666666666666, 219.0], "11:40": [0.6666666666666666, 219.0], "11:45": [0.6666666666666666, 219.0], "11:50": [0.6666666666666666, 219.0], "11:55": [0.6666666666666666, 219.0], "12:00": [0.6666666666666666, 219.0], "12:05": [0.6666666666666666, 219.0], "12:10": [0.6666666666666666, 219.0], "12:15": [0.6666666666666666, 219.0], "12:20": [0.6666666666666666, 219.0], "12:25": [0.6666666666666666, 219.0], "12:30": [0.6666666666666666, 219.0], "12:35": [0.6666666666666666, 219.0], "12:40": [0.6666666666666666, 219.0], "12:45": [0.6666666666666666, 219.0], "12:50": [0.6666666666666666, 219.0], "12:55": [0.6666666666666666, 219.0], "13:00": [0.6666666666666666, 219.0], "13:05": [0.6666666666666666, 219.0], "13:10": [0.6666666666666666, 219.0], "13:15": [0.6666666666666666, 219.0], "13:20": [0.6666666666666666, 219.0], "13:25": [0.6666666666666666, 219.0], "13:30": [0.6666666666666666, 219.0], "13:35": [0.6666666666666666, 219.0], "13:40": [0.6666666666666666, 219.0], "13:45": [0.6666666666666666, 219.0], "13:50": [0.6666666666666666, 219.0], "13:55": [0.6666666666666666, 219.0], "14:00": [0.6666666666666666, 219.0], "14:05": [0.6666666666666666, 219.0], "14:10": [0.6666666666666666, 219.0], "14:15": [0.6666666666666666, 219.0], "14:20": [0.6666666666666666, 219.0], "14:25": [0.6666666666666666, 219.0], "14:30": [0.6666666666666666, 219.0], "14:35": [0.6666666666666666, 219.0], "14:40": [0.6666666666666666, 219.0], "14:45": [0.6666666666666666, 219.0], "14:50": [0.6666666666666666, 219.0], "14:55": [0.6666666666666666, 219.0], "15:00": [0.6666666666666666, 219.0], "15:05": [0.6666666666666666, 219.0], "15:10": [0.6666666666666666, 219.0], "15:15": [0.6666666666666666, 219.0], "15:20": [0.6666666666666666, 219.0], "15:25": [0.6666666666666666, 219.0], "15:30": [0.6666666666666666, 219.0], "15:35": [0.6666666666666666, 219.0], "15:40": [0.6666666666666666, 219.0], "15:45": [0.6666666666666666, 219.0], "15:50": [0.6666666666666666, 219.0], "15:55": [0.6666666666666666, 219.0], "16:00": [0.6666666666666666, 219.0], "16:05": [0.6666666666666666, 219.0], "16:10": [0.6666666666666666, 219.0], "16:15": [0.6666666666666666, 219.0], "16:20": [0.6666666666666666, 219.0], "16:25": [0.6666666666666666, 219.0], "16:30": [0.6666666666666666, 219.0], "16:35": [0.6666666666666666, 219.0], "16:40": [0.6666666666666666, 219.0], "16:45": [0.6666666666666666, 219.0], "16:50": [0.6666666666666666, 219.0], "16:55": [0.6666666666666666, 219.0], "17:00": [0.6666666666666666, 219.0], "17:05": [0.6666666666666666, 219.0], "17:10": [0.6666666666666666, 219.0], "17:15": [0.6666666666666666, 219.0], "17:20": [0.6666666666666666, 219.0], "17:25": [0.6666666666666666, 219.0], "17:30": [0.6666666666666666, 219.0], "17:35": [0.6666666666666666, 219.0], "17:40": [0.6666666666666666, 219.0],