{"10-1": [8.233333333333333, 4951.0], "10-2": [7.933333333333334, 4858.0], "10-3": [10.5, 5547.0], "10-4": [4.316666666666666, 1375.0], "10-5": [3.716666666666667, 1473.0], "10-6": [3.4833333333333334, 1396.0], "10-7": [2.1166666666666667, 1026.0], "10-8": [2.316666666666667, 1275.0], "10-9": [1.6666666666666667, 868.0], "10-11": [9.95, 4172.0], "10-12": [8.983333333333333, 5215.0], "10-13": [0.6, 242.0], "10-14": [5.416666666666667, 2290.0], "10-15": [5.65, 2315.0], "10-16": [5.733333333333333, 2606.0], "10-17": [3.033333333333333, 1440.0], "10-18": [3.7, 1773.0], "10-19": [3.8833333333333333, 2047.0000000000002], "10-20": [1.9333333333333333, 645.0], "10-21": [2.933333333333333, 902.0], "10-22": [3.95, 1872.0], "10-23": [3.566666666666667, 1844.0], "10-24": [2.966666666666667, 1637.0], "10-25": [10.8, 4818.0], "10-26": [5.15, 1644.0], "10-27": [3.45, 1553.0], "10-28": [6.3, 2995.0], "10-29": [14.016666666666667, 7434.0], "10-30": [12.733333333333333, 7397.0], "10-31": [11.233333333333333, 6819.0], "10-32": [10.916666666666666, 6590.0], "10-33": [10.433333333333334, 5878.0], "10-34": [9.466666666666667, 5402.0], "10-35": [9.3, 5235.0], "10-36": [7.7, 4288.0], "10-37": [7.333333333333333, 3991.0], "10-38": [6.816666666666666, 3646.0], "10-39": [5.266666666666667, 2608.0], "10-40": [6.266666666666667, 2833.0], "10-41": [4.6, 2283.0], "10-42": [6.283333333333333, 3357.0], "10-43": [7.233333333333333, 3339.0], "10-44": [7.583333333333333, 2963.0], "10-45": [5.783333333333333, 2310.0], "10-46": [6.3, 2607.0], "10-47": [7.033333333333333, 2928.0], "10-48": [10.6, 4260.0], "10-49": [9.116666666666667, 3688.0], "10-50": [10.15, 3862.0], "10-51": [6.516666666666667, 3224.0], "10-52": [7.316666666666666, 2949.0], "10-53": [8.1, 3605.0], "10-54": [9.183333333333334, 3882.0], "10-55": [10.716666666666667, 4231.0], "10-56": [13.2, 6511.0], "10-57": [13.016666666666667, 6718.0], "10-58": [13.933333333333334, 6313.0], "10-59": [11.216666666666667, 5160.0], "10-60": [10.116666666666667, 4144.0], "10-61": [11.133333333333333, 5081.0], "10-62": [12.116666666666667, 5711.0], "10-63": [14.35, 6722.0], "10-64": [8.633333333333333, 3780.0], "10-65": [10.0, 6102.0], "10-66": [8.966666666666667, 4465.0], "10-67": [9.766666666666667, 3150.0], "10-68": [13.533333333333333, 6204.0], "10-69": [12.15, 5963.0], "10-70": [5.9, 1925.0]}