{"11-1": [7.6, 3458.0], "11-2": [7.383333333333334, 3365.0], "11-3": [5.35, 2357.0], "11-4": [8.033333333333333, 4003.9999999999995], "11-5": [9.6, 4477.0], "11-6": [8.85, 4080.0], "11-7": [8.633333333333333, 4429.0], "11-8": [8.2, 4279.0], "11-9": [9.983333333333333, 4478.0], "11-10": [11.183333333333334, 5844.0], "11-12": [8.316666666666666, 3722.0], "11-13": [11.333333333333334, 5997.0], "11-14": [5.8, 2684.0], "11-15": [6.033333333333333, 2709.0], "11-16": [7.866666666666666, 4252.0], "11-17": [8.9, 4444.0], "11-18": [9.583333333333334, 4777.0], "11-19": [8.866666666666667, 3810.0], "11-20": [8.4, 4215.0], "11-21": [9.25, 4472.0], "11-22": [11.4, 5788.0], "11-23": [11.016666666666667, 5760.0], "11-24": [10.466666666666667, 5495.0], "11-25": [1.55, 783.0], "11-26": [6.7, 3769.0], "11-27": [10.0, 5103.0], "11-28": [7.266666666666667, 3389.0], "11-29": [5.566666666666666, 3584.0], "11-30": [3.933333333333333, 2629.0], "11-31": [3.3, 2051.0], "11-32": [2.95, 1822.0], "11-33": [3.75, 1789.0], "11-34": [4.016666666666667, 2058.0], "11-35": [4.216666666666667, 2032.0], "11-36": [4.766666666666667, 2547.0], "11-37": [5.35, 2848.0], "11-38": [5.766666666666667, 3112.0], "11-39": [7.4, 4254.0], "11-40": [7.416666666666667, 3977.0], "11-41": [7.916666666666667, 4202.0], "11-42": [6.033333333333333, 3302.0], "11-43": [6.85, 3260.0], "11-44": [8.933333333333334, 3275.0], "11-45": [7.55, 2992.0], "11-46": [7.65, 2919.0], "11-47": [5.6, 2226.0], "11-48": [6.616666666666666, 1447.0], "11-49": [5.533333333333333, 2242.0], "11-50": [4.733333333333333, 2173.0], "11-51": [6.216666666666667, 3199.0], "11-52": [4.5, 2017.0], "11-53": [5.666666666666667, 1717.0], "11-54": [5.733333333333333, 1476.0], "11-55": [4.333333333333333, 1055.0], "11-56": [6.1, 3697.0], "11-57": [5.933333333333334, 3904.0], "11-58": [6.183333333333334, 2808.0], "11-59": [3.05, 1469.0], "11-60": [2.033333333333333, 545.0], "11-61": [3.95, 2267.0], "11-62": [3.05, 1502.0], "11-63": [4.75, 2622.0], "11-64": [4.4, 2327.0], "11-65": [4.483333333333333, 1835.0], "11-66": [6.25, 2500.0], "11-67": [7.333333333333333, 2939.0], "11-68": [5.9, 3135.0], "11-69": [3.3, 1856.0], "11-70": [7.6, 3597.0]}