{"12-1": [4.716666666666667, 1416.0], "12-2": [4.433333333333334, 1323.0], "12-3": [5.016666666666667, 2344.0], "12-4": [5.866666666666666, 4037.0], "12-5": [6.283333333333333, 4146.0], "12-6": [6.05, 4069.0], "12-7": [5.316666666666666, 4098.0], "12-8": [4.883333333333334, 3948.0], "12-9": [6.033333333333333, 4147.0], "12-10": [7.2, 5513.0], "12-11": [8.866666666666667, 3259.0], "12-13": [7.35, 5666.0], "12-14": [5.616666666666666, 3496.0], "12-15": [5.85, 3521.0], "12-16": [8.3, 5279.0], "12-17": [5.6, 4113.0], "12-18": [6.266666666666667, 4446.0], "12-19": [6.45, 4720.0], "12-20": [4.433333333333334, 3884.0], "12-21": [5.316666666666666, 4141.0], "12-22": [8.083333333333334, 5457.0], "12-23": [7.7, 5429.0], "12-24": [7.166666666666667, 5164.0], "12-25": [7.5, 3152.0], "12-26": [4.233333333333333, 3013.0], "12-27": [6.683333333333334, 4772.0], "12-28": [7.066666666666666, 4201.0], "12-29": [8.5, 5635.0], "12-30": [8.766666666666667, 5360.0], "12-31": [8.583333333333334, 4662.0], "12-32": [8.266666666666667, 4433.0], "12-33": [9.283333333333333, 4178.0], "12-34": [9.683333333333334, 4698.0], "12-35": [9.516666666666667, 4531.0], "12-36": [10.066666666666666, 5046.0], "12-37": [9.9, 6664.0], "12-38": [9.383333333333333, 6319.0], "12-39": [7.833333333333333, 5281.0], "12-40": [8.85, 5506.0], "12-41": [7.166666666666667, 4956.0], "12-42": [8.85, 6030.0], "12-43": [9.816666666666666, 6012.0], "12-44": [10.116666666666667, 5636.0], "12-45": [7.75, 5161.0], "12-46": [8.833333333333334, 5280.0], "12-47": [7.766666666666667, 3659.0], "12-48": [8.7, 3856.0], "12-49": [9.25, 4155.0], "12-50": [10.066666666666666, 4672.0], "12-51": [2.4833333333333334, 1536.0], "12-52": [4.633333333333334, 2717.0], "12-53": [6.183333333333334, 3201.0], "12-54": [7.283333333333333, 3478.0], "12-55": [8.966666666666667, 3222.0], "12-56": [7.683333333333334, 4712.0], "12-57": [7.5, 4919.0], "12-58": [8.366666666666667, 4514.0], "12-59": [6.983333333333333, 3593.0], "12-60": [6.766666666666667, 2478.0], "12-61": [5.083333333333333, 3013.0], "12-62": [7.883333333333334, 4144.0], "12-63": [8.833333333333334, 4923.0], "12-64": [4.8, 2718.0], "12-65": [4.216666666666667, 2017.0], "12-66": [3.1166666666666667, 1151.0], "12-67": [6.45, 2522.0], "12-68": [8.0, 4405.0], "12-69": [6.633333333333334, 4164.0], "12-70": [4.2, 2968.0]}