{"13-1": [8.15, 4753.0], "13-2": [7.85, 4660.0], "13-3": [10.416666666666666, 5349.0], "13-4": [4.233333333333333, 1177.0], "13-5": [3.6333333333333333, 1275.0], "13-6": [3.4, 1198.0], "13-7": [2.033333333333333, 828.0], "13-8": [2.2333333333333334, 1077.0], "13-9": [1.5833333333333333, 670.0], "13-10": [4.583333333333333, 2076.0], "13-11": [9.866666666666667, 3974.0], "13-12": [8.9, 5017.0], "13-14": [5.333333333333333, 2092.0], "13-15": [5.566666666666666, 2117.0], "13-16": [5.65, 2408.0], "13-17": [2.95, 1242.0], "13-18": [3.6166666666666667, 1575.0], "13-19": [3.8, 1849.0], "13-20": [1.85, 447.0], "13-21": [2.85, 704.0], "13-22": [3.8666666666666667, 1674.0], "13-23": [3.4833333333333334, 1646.0], "13-24": [2.8833333333333333, 1439.0], "13-25": [10.716666666666667, 4620.0], "13-26": [5.066666666666666, 1446.0], "13-27": [3.3666666666666667, 1355.0], "13-28": [6.216666666666667, 2797.0], "13-29": [13.933333333333334, 7236.0], "13-30": [12.65, 7199.0], "13-31": [11.15, 6621.0], "13-32": [10.833333333333334, 6392.0], "13-33": [10.35, 5680.0], "13-34": [9.383333333333333, 5204.0], "13-35": [9.216666666666667, 5037.0], "13-36": [7.616666666666666, 4090.0], "13-37": [7.25, 3793.0], "13-38": [6.733333333333333, 3448.0], "13-39": [5.183333333333334, 2410.0], "13-40": [6.183333333333334, 2635.0], "13-41": [4.516666666666667, 2085.0], "13-42": [6.2, 3159.0], "13-43": [7.15, 3141.0], "13-44": [7.5, 2765.0], "13-45": [5.7, 2112.0], "13-46": [6.183333333333334, 2409.0], "13-47": [6.95, 2730.0], "13-48": [10.516666666666667, 4062.0000000000005], "13-49": [9.033333333333333, 3490.0], "13-50": [10.066666666666666, 3664.0], "13-51": [6.433333333333334, 3026.0], "13-52": [7.233333333333333, 2751.0], "13-53": [8.016666666666667, 3407.0], "13-54": [9.1, 3684.0], "13-55": [10.65, 4033.0000000000005], "13-56": [13.116666666666667, 6313.0], "13-57": [12.933333333333334, 6520.0], "13-58": [13.85, 6115.0], "13-59": [11.133333333333333, 4962.0], "13-60": [10.033333333333333, 3946.0], "13-61": [11.05, 4883.0], "13-62": [12.033333333333333, 5513.0], "13-63": [14.266666666666667, 6524.0], "13-64": [8.55, 3582.0], "13-65": [9.916666666666666, 5904.0], "13-66": [8.883333333333333, 4267.0], "13-67": [9.683333333333334, 2952.0], "13-68": [13.45, 6006.0], "13-69": [12.066666666666666, 5765.0], "13-70": [5.816666666666666, 1727.0]}