{"14-1": [7.016666666666667, 4270.0], "14-2": [6.716666666666667, 4177.0], "14-3": [6.2, 2800.0], "14-4": [3.6666666666666665, 1868.0], "14-5": [5.233333333333333, 2341.0], "14-6": [5.0, 2264.0], "14-7": [4.266666666666667, 2293.0], "14-8": [3.8333333333333335, 2143.0], "14-9": [5.633333333333334, 2342.0], "14-10": [6.8, 3708.0], "14-11": [4.516666666666667, 1881.0], "14-12": [7.783333333333333, 4534.0], "14-13": [6.95, 3861.0], "14-15": [0.05, 21.0], "14-16": [7.633333333333334, 3096.0], "14-17": [4.55, 2308.0], "14-18": [5.216666666666667, 2641.0], "14-19": [5.4, 2915.0], "14-20": [4.033333333333333, 2079.0], "14-21": [4.9, 2336.0], "14-22": [7.033333333333333, 3652.0], "14-23": [6.65, 3624.0], "14-24": [6.116666666666666, 3359.0], "14-25": [5.416666666666667, 2527.0], "14-26": [2.316666666666667, 1633.0], "14-27": [5.633333333333334, 2967.0], "14-28": [2.4833333333333334, 1253.0], "14-29": [8.533333333333333, 5143.0], "14-30": [8.516666666666667, 3987.0], "14-31": [7.05, 3409.0], "14-32": [6.733333333333333, 3180.0], "14-33": [7.116666666666666, 3287.0], "14-34": [6.15, 2811.0], "14-35": [5.983333333333333, 2644.0], "14-36": [6.083333333333333, 2284.0], "14-37": [6.683333333333334, 2585.0], "14-38": [7.083333333333333, 2849.0], "14-39": [6.95, 3200.0], "14-40": [7.616666666666666, 3169.0], "14-41": [5.95, 2619.0], "14-42": [7.05, 2789.0], "14-43": [5.683333333333334, 2086.0], "14-44": [6.533333333333333, 2080.0], "14-45": [4.116666666666666, 1579.0], "14-46": [5.25, 1724.0], "14-47": [2.65, 1085.0], "14-48": [5.183333333333334, 1969.0], "14-49": [4.133333333333334, 1643.0], "14-50": [6.15, 2013.0], "14-51": [4.716666666666667, 2127.0], "14-52": [1.9, 658.0], "14-53": [2.65, 1314.0], "14-54": [3.75, 1591.0], "14-55": [5.3, 1940.0], "14-56": [7.716666666666667, 4220.0], "14-57": [7.533333333333333, 4427.0], "14-58": [8.383333333333333, 4022.0000000000005], "14-59": [5.75, 2869.0], "14-60": [4.633333333333334, 1853.0], "14-61": [5.65, 2790.0], "14-62": [6.65, 3420.0], "14-63": [8.866666666666667, 4431.0], "14-64": [3.216666666666667, 1489.0], "14-65": [5.4, 2278.0], "14-66": [5.25, 2227.0], "14-67": [4.616666666666666, 1378.0], "14-68": [8.033333333333333, 3913.0], "14-69": [6.666666666666667, 3672.0], "14-70": [3.25, 1461.0]}