{"15-1": [7.716666666666667, 4142.0], "15-2": [7.433333333333334, 4049.0000000000005], "15-3": [6.316666666666666, 2790.0], "15-4": [5.633333333333334, 2635.0], "15-5": [6.316666666666666, 2616.0], "15-6": [6.966666666666667, 3031.0], "15-7": [6.233333333333333, 3060.0], "15-8": [5.8, 2910.0], "15-9": [7.6, 3109.0], "15-10": [8.766666666666667, 4475.0], "15-11": [4.633333333333334, 1871.0], "15-12": [8.466666666666667, 4406.0], "15-13": [8.916666666666666, 4628.0], "15-14": [0.05, 21.0], "15-16": [9.85, 3215.0], "15-17": [6.516666666666667, 3075.0], "15-18": [7.183333333333334, 3408.0], "15-19": [7.366666666666666, 3682.0], "15-20": [6.0, 2846.0], "15-21": [6.85, 3103.0], "15-22": [9.0, 4419.0], "15-23": [8.616666666666667, 4391.0], "15-24": [8.083333333333334, 4126.0], "15-25": [5.516666666666667, 2517.0], "15-26": [4.283333333333333, 2400.0], "15-27": [7.6, 3734.0], "15-28": [4.783333333333333, 2020.0], "15-29": [8.65, 5133.0], "15-30": [8.633333333333333, 3977.0], "15-31": [7.166666666666667, 3399.0], "15-32": [6.85, 3170.0], "15-33": [7.233333333333333, 3277.0], "15-34": [6.266666666666667, 2801.0], "15-35": [6.1, 2634.0], "15-36": [6.65, 3149.0], "15-37": [7.233333333333333, 3450.0], "15-38": [7.65, 3714.0], "15-39": [9.166666666666666, 3319.0], "15-40": [9.583333333333334, 3936.0], "15-41": [7.933333333333334, 3386.0], "15-42": [7.916666666666667, 3904.0], "15-43": [8.366666666666667, 2816.0], "15-44": [7.766666666666667, 2666.0], "15-45": [5.533333333333333, 2232.0], "15-46": [6.483333333333333, 2310.0], "15-47": [2.7666666666666666, 1075.0], "15-48": [5.3, 1959.0], "15-49": [4.25, 1633.0], "15-50": [6.266666666666667, 2003.0], "15-51": [5.116666666666666, 1852.0], "15-52": [2.0166666666666666, 648.0], "15-53": [2.7666666666666666, 1304.0], "15-54": [3.8666666666666667, 1581.0], "15-55": [5.416666666666667, 1930.0], "15-56": [7.833333333333333, 4210.0], "15-57": [7.65, 4417.0], "15-58": [8.533333333333333, 4011.9999999999995], "15-59": [5.866666666666666, 2859.0], "15-60": [4.766666666666667, 1843.0], "15-61": [5.766666666666667, 2780.0], "15-62": [6.766666666666667, 3410.0], "15-63": [8.983333333333333, 4421.0], "15-64": [3.3333333333333335, 1479.0], "15-65": [5.516666666666667, 2268.0], "15-66": [5.366666666666666, 2217.0], "15-67": [5.1, 1570.0], "15-68": [8.15, 3903.0], "15-69": [6.783333333333333, 3662.0], "15-70": [5.033333333333333, 2228.0]}