{"16-1": [11.25, 6055.0], "16-2": [10.966666666666667, 5962.0], "16-3": [13.816666666666666, 6195.0], "16-4": [5.85, 2151.0], "16-5": [4.25, 1538.0], "16-6": [3.466666666666667, 1352.0], "16-7": [4.733333333333333, 1682.0], "16-8": [4.3, 1532.0], "16-9": [5.583333333333333, 2095.0], "16-10": [7.566666666666666, 3669.0], "16-11": [8.533333333333333, 4008.0], "16-12": [11.95, 6319.0], "16-13": [7.716666666666667, 3822.0], "16-14": [7.566666666666666, 3394.0], "16-15": [7.766666666666667, 3419.0], "16-17": [5.8, 2143.0], "16-18": [6.466666666666667, 2476.0], "16-19": [3.1666666666666665, 1082.0], "16-20": [6.683333333333334, 2403.0], "16-21": [7.533333333333333, 2660.0], "16-22": [6.6, 2618.0], "16-23": [6.216666666666667, 2590.0], "16-24": [5.666666666666667, 2325.0], "16-25": [7.633333333333334, 4362.0], "16-26": [7.216666666666667, 2700.0], "16-27": [4.65, 1782.0], "16-28": [7.683333333333334, 3426.0], "16-29": [10.25, 6640.0], "16-30": [9.183333333333334, 5159.0], "16-31": [7.733333333333333, 4581.0], "16-32": [7.416666666666667, 4352.0], "16-33": [6.933333333333334, 3640.0], "16-34": [5.966666666666667, 3164.0], "16-35": [5.8, 2997.0], "16-36": [4.2, 2050.0], "16-37": [3.8333333333333335, 1753.0], "16-38": [3.316666666666667, 1408.0], "16-39": [1.3666666666666667, 225.0], "16-40": [2.966666666666667, 855.0], "16-41": [2.7333333333333334, 760.0], "16-42": [2.7666666666666666, 1119.0], "16-43": [3.933333333333333, 1361.0], "16-44": [5.083333333333333, 1557.0], "16-45": [5.183333333333334, 1665.0], "16-46": [4.35, 1554.0], "16-47": [7.8, 2910.0], "16-48": [8.133333333333333, 3689.0], "16-49": [6.433333333333334, 2274.0], "16-50": [6.633333333333334, 2292.0], "16-51": [9.566666666666666, 4328.0], "16-52": [9.45, 4053.0], "16-53": [10.25, 4709.0], "16-54": [7.766666666666667, 3718.0], "16-55": [7.116666666666666, 3603.0], "16-56": [12.1, 7573.0], "16-57": [12.266666666666667, 7885.0], "16-58": [11.833333333333334, 6514.0], "16-59": [9.8, 5792.0], "16-60": [8.666666666666666, 4936.0], "16-61": [11.983333333333333, 6632.0], "16-62": [9.366666666666667, 5464.0], "16-63": [11.333333333333334, 6225.0], "16-64": [10.766666666666667, 4884.0], "16-65": [12.266666666666667, 6120.0], "16-66": [12.0, 5569.0], "16-67": [11.5, 4005.0], "16-68": [12.75, 7378.0], "16-69": [10.116666666666667, 6179.0], "16-70": [8.05, 3029.0]}