{"17-1": [8.15, 4931.0], "17-2": [7.85, 4838.0], "17-3": [10.666666666666666, 5071.0], "17-4": [2.75, 1027.0], "17-5": [1.1333333333333333, 414.0], "17-6": [0.35, 228.0], "17-7": [1.6333333333333333, 558.0], "17-8": [1.2, 408.0], "17-9": [2.4833333333333334, 847.0], "17-10": [5.333333333333333, 2844.0], "17-11": [8.433333333333334, 3122.0], "17-12": [8.883333333333333, 5195.0], "17-13": [5.483333333333333, 2997.0], "17-14": [4.45, 2270.0], "17-15": [4.683333333333334, 2295.0], "17-16": [2.683333333333333, 1165.0], "17-18": [0.65, 332.0], "17-19": [0.8333333333333334, 606.0], "17-20": [3.3666666666666667, 1040.0], "17-21": [4.433333333333334, 1536.0], "17-22": [4.266666666666667, 2142.0], "17-23": [3.9833333333333334, 1765.0], "17-24": [3.433333333333333, 1500.0], "17-25": [8.1, 5159.0], "17-26": [4.116666666666666, 1576.0], "17-27": [2.316666666666667, 1306.0], "17-28": [4.6, 2302.0], "17-29": [10.7, 7437.0], "17-30": [9.65, 5956.0], "17-31": [8.183333333333334, 5378.0], "17-32": [7.866666666666666, 5149.0], "17-33": [7.383333333333334, 4437.0], "17-34": [6.416666666666667, 3961.0], "17-35": [6.25, 3794.0], "17-36": [4.65, 2847.0], "17-37": [4.283333333333333, 2550.0], "17-38": [3.7666666666666666, 2205.0], "17-39": [2.216666666666667, 1167.0], "17-40": [3.216666666666667, 1392.0], "17-41": [1.55, 842.0], "17-42": [3.2333333333333334, 1916.0], "17-43": [4.183333333333334, 1898.0], "17-44": [4.566666666666666, 1522.0], "17-45": [3.2666666666666666, 1378.0], "17-46": [3.283333333333333, 1166.0], "17-47": [4.883333333333334, 2156.0], "17-48": [9.066666666666666, 3210.0], "17-49": [6.3, 2490.0], "17-50": [7.266666666666667, 2664.0], "17-51": [6.416666666666667, 3204.0], "17-52": [6.333333333333333, 2929.0], "17-53": [7.1, 3585.0], "17-54": [7.666666666666667, 2831.0], "17-55": [7.6, 4400.0], "17-56": [12.216666666666667, 6491.0], "17-57": [12.016666666666667, 6698.0], "17-58": [12.933333333333334, 6293.0], "17-59": [10.233333333333333, 5140.0], "17-60": [9.15, 4124.0], "17-61": [10.15, 5061.0], "17-62": [9.833333333333334, 6261.0], "17-63": [11.783333333333333, 7022.0], "17-64": [7.666666666666667, 3760.0], "17-65": [9.883333333333333, 4549.0], "17-66": [8.883333333333333, 4445.0], "17-67": [8.366666666666667, 2881.0], "17-68": [12.533333333333333, 6184.0], "17-69": [11.15, 5943.0], "17-70": [4.916666666666667, 1905.0]}