{"18-1": [9.183333333333334, 5402.0], "18-2": [8.883333333333333, 5309.0], "18-3": [11.733333333333333, 5542.0], "18-4": [3.783333333333333, 1498.0], "18-5": [2.183333333333333, 885.0], "18-6": [1.4, 699.0], "18-7": [2.6666666666666665, 1029.0], "18-8": [2.2333333333333334, 879.0], "18-9": [3.7, 1913.0], "18-10": [4.966666666666667, 2928.0], "18-11": [8.15, 2857.0], "18-12": [9.916666666666666, 5666.0], "18-13": [5.1, 3081.0], "18-14": [5.483333333333333, 2741.0], "18-15": [5.716666666666667, 2766.0], "18-16": [2.4, 900.0], "18-17": [3.7333333333333334, 1490.0], "18-19": [0.55, 341.0], "18-20": [4.6, 1750.0], "18-21": [5.466666666666667, 2007.0000000000002], "18-22": [4.0, 1877.0], "18-23": [3.6166666666666667, 1849.0], "18-24": [3.066666666666667, 1584.0], "18-25": [7.816666666666666, 4894.0], "18-26": [5.15, 2047.0000000000002], "18-27": [2.033333333333333, 1041.0], "18-28": [5.633333333333334, 2773.0], "18-29": [10.416666666666666, 7172.0], "18-30": [9.366666666666667, 5691.0], "18-31": [7.9, 5113.0], "18-32": [7.583333333333333, 4884.0], "18-33": [7.1, 4172.0], "18-34": [6.133333333333334, 3696.0], "18-35": [5.966666666666667, 3529.0], "18-36": [4.366666666666666, 2582.0], "18-37": [4.0, 2285.0], "18-38": [3.4833333333333334, 1940.0], "18-39": [1.9333333333333333, 902.0], "18-40": [2.933333333333333, 1127.0], "18-41": [1.2666666666666666, 577.0], "18-42": [2.95, 1651.0], "18-43": [3.9, 1633.0], "18-44": [4.283333333333333, 1257.0], "18-45": [3.816666666666667, 1012.0], "18-46": [3.0, 901.0], "18-47": [6.683333333333334, 2055.0], "18-48": [8.783333333333333, 2945.0], "18-49": [6.016666666666667, 2225.0], "18-50": [6.983333333333333, 2399.0], "18-51": [7.483333333333333, 3675.0], "18-52": [7.383333333333334, 3400.0], "18-53": [8.166666666666666, 4056.0], "18-54": [7.383333333333334, 2567.0], "18-55": [7.316666666666666, 4135.0], "18-56": [13.25, 6962.0], "18-57": [13.083333333333334, 7169.0], "18-58": [11.983333333333333, 7046.0], "18-59": [9.966666666666667, 6324.0], "18-60": [9.416666666666666, 3494.0], "18-61": [11.2, 5532.0], "18-62": [9.55, 5996.0], "18-63": [11.5, 6757.0], "18-64": [8.7, 4231.0], "18-65": [10.933333333333334, 5020.0], "18-66": [9.916666666666666, 4916.0], "18-67": [9.4, 3352.0], "18-68": [13.583333333333334, 6655.0], "18-69": [10.283333333333333, 6711.0], "18-70": [5.966666666666667, 2376.0]}