{"19-1": [10.6, 6060.0], "19-2": [10.3, 5967.0], "19-3": [13.133333333333333, 6200.0], "19-4": [5.183333333333334, 2156.0], "19-5": [3.5833333333333335, 1543.0], "19-6": [2.8, 1357.0], "19-7": [4.066666666666666, 1687.0], "19-8": [3.6333333333333333, 1537.0], "19-9": [3.433333333333333, 1580.0], "19-10": [4.7, 2595.0], "19-11": [9.533333333333333, 3515.0], "19-12": [11.3, 6324.0], "19-13": [4.85, 2748.0], "19-14": [6.883333333333334, 3399.0], "19-15": [7.116666666666666, 3424.0], "19-16": [3.4166666666666665, 1540.0], "19-17": [3.033333333333333, 1554.0], "19-18": [3.716666666666667, 1887.0], "19-20": [4.483333333333333, 1727.0], "19-21": [5.483333333333333, 1984.0], "19-22": [3.7333333333333334, 1544.0], "19-23": [3.35, 1516.0], "19-24": [2.8, 1251.0], "19-25": [8.833333333333334, 5534.0], "19-26": [6.566666666666666, 2705.0], "19-27": [1.7666666666666666, 708.0], "19-28": [7.033333333333333, 3431.0], "19-29": [11.433333333333334, 7812.0], "19-30": [10.4, 6331.0], "19-31": [8.916666666666666, 5753.0], "19-32": [8.6, 5524.0], "19-33": [8.116666666666667, 4812.0], "19-34": [7.15, 4336.0], "19-35": [6.983333333333333, 4169.0], "19-36": [5.383333333333334, 3222.0], "19-37": [5.016666666666667, 2925.0], "19-38": [4.5, 2580.0], "19-39": [2.95, 1542.0], "19-40": [4.333333333333333, 1785.0], "19-41": [2.6666666666666665, 1235.0], "19-42": [3.966666666666667, 2291.0], "19-43": [6.25, 2065.0], "19-44": [5.65, 1915.0], "19-45": [5.2, 1670.0], "19-46": [4.366666666666666, 1559.0], "19-47": [8.066666666666666, 2713.0], "19-48": [10.183333333333334, 3603.0], "19-49": [7.416666666666667, 2883.0], "19-50": [8.383333333333333, 3057.0], "19-51": [8.883333333333333, 4333.0], "19-52": [8.766666666666667, 4058.0], "19-53": [9.566666666666666, 4714.0], "19-54": [8.766666666666667, 3224.0], "19-55": [8.3, 4775.0], "19-56": [13.283333333333333, 8745.0], "19-57": [14.483333333333333, 7827.0], "19-58": [13.016666666666667, 7686.0], "19-59": [10.983333333333333, 6964.0], "19-60": [9.866666666666667, 6108.0], "19-61": [12.6, 6190.0], "19-62": [10.566666666666666, 6636.0], "19-63": [12.516666666666667, 7397.0], "19-64": [10.1, 4889.0], "19-65": [12.333333333333334, 5678.0], "19-66": [11.333333333333334, 5574.0], "19-67": [10.816666666666666, 4010.0], "19-68": [15.0, 7313.0], "19-69": [11.3, 7351.0], "19-70": [7.383333333333334, 3034.0]}