{"2-1": [0.35, 123.0], "2-3": [6.216666666666667, 2888.0], "2-4": [7.3, 4662.0], "2-5": [7.716666666666667, 4773.0], "2-6": [7.483333333333333, 4696.0], "2-7": [6.75, 4723.0], "2-8": [6.316666666666666, 4575.0], "2-9": [7.466666666666667, 4772.0], "2-10": [8.633333333333333, 6140.0], "2-11": [10.066666666666666, 3803.0], "2-12": [2.2333333333333334, 880.0], "2-13": [8.783333333333333, 6293.0], "2-14": [7.05, 4123.0], "2-15": [7.283333333333333, 4146.0], "2-16": [9.75, 5906.0], "2-17": [7.033333333333333, 4740.0], "2-18": [7.7, 5073.0], "2-19": [7.883333333333334, 5347.0], "2-20": [5.866666666666666, 4511.0], "2-21": [6.733333333333333, 4766.0], "2-22": [9.516666666666667, 6082.0], "2-23": [9.133333333333333, 6056.0], "2-24": [8.6, 5789.0], "2-25": [8.7, 3698.0], "2-26": [5.666666666666667, 3640.0], "2-27": [8.116666666666667, 5399.0], "2-28": [8.5, 4828.0], "2-29": [9.716666666666667, 6179.0], "2-30": [10.0, 5904.0], "2-31": [9.8, 5206.0], "2-32": [9.483333333333333, 4977.0], "2-33": [10.483333333333333, 4722.0], "2-34": [10.883333333333333, 5242.0], "2-35": [10.716666666666667, 5077.0], "2-36": [11.266666666666667, 5592.0], "2-37": [11.333333333333334, 7289.0], "2-38": [10.816666666666666, 6944.0], "2-39": [9.266666666666667, 5908.0], "2-40": [10.283333333333333, 6131.0], "2-41": [8.6, 5581.0], "2-42": [10.283333333333333, 6657.0], "2-43": [11.25, 6639.0], "2-44": [11.5, 6261.0], "2-45": [9.183333333333334, 5788.0], "2-46": [10.216666666666667, 5905.0], "2-47": [9.2, 4284.0], "2-48": [9.9, 4402.0], "2-49": [10.45, 4701.0], "2-50": [11.266666666666667, 5216.0], "2-51": [3.9166666666666665, 2163.0], "2-52": [6.066666666666666, 3344.0], "2-53": [7.383333333333334, 3745.0], "2-54": [8.483333333333333, 4024.0], "2-55": [10.116666666666667, 3766.0], "2-56": [8.9, 5256.0], "2-57": [8.7, 5463.0], "2-58": [9.616666666666667, 5058.0], "2-59": [8.2, 4137.0], "2-60": [7.983333333333333, 3022.0], "2-61": [6.3, 3557.0], "2-62": [9.1, 4688.0], "2-63": [10.05, 5467.0], "2-64": [6.233333333333333, 3343.0], "2-65": [5.416666666666667, 2561.0], "2-66": [4.316666666666666, 1697.0], "2-67": [7.883333333333334, 3147.0], "2-68": [9.2, 4949.0], "2-69": [7.833333333333333, 4708.0], "2-70": [5.633333333333334, 3593.0]}