{"20-1": [8.883333333333333, 4851.0], "20-2": [8.583333333333334, 4758.0], "20-3": [11.15, 5447.0], "20-4": [4.966666666666667, 1275.0], "20-5": [4.366666666666666, 1373.0], "20-6": [4.133333333333334, 1296.0], "20-7": [3.4, 1325.0], "20-8": [2.966666666666667, 1175.0], "20-9": [2.8333333333333335, 768.0], "20-10": [3.2, 1688.0], "20-11": [10.6, 4072.0], "20-12": [9.616666666666667, 5115.0], "20-13": [3.35, 1841.0], "20-14": [6.066666666666666, 2190.0], "20-15": [6.3, 2215.0], "20-16": [6.383333333333334, 2506.0], "20-17": [3.683333333333333, 1340.0], "20-18": [4.35, 1673.0], "20-19": [4.533333333333333, 1947.0], "20-21": [0.7, 252.0], "20-22": [4.266666666666667, 1734.0], "20-23": [3.8833333333333333, 1706.0], "20-24": [3.816666666666667, 1699.0], "20-25": [11.45, 4718.0], "20-26": [5.816666666666666, 1544.0], "20-27": [4.6, 1453.0], "20-28": [6.95, 2895.0], "20-29": [14.666666666666666, 7334.0], "20-30": [13.383333333333333, 7297.0], "20-31": [11.883333333333333, 6719.0], "20-32": [11.566666666666666, 6490.0], "20-33": [11.083333333333334, 5778.0], "20-34": [10.116666666666667, 5302.0], "20-35": [9.95, 5135.0], "20-36": [8.35, 4188.0], "20-37": [7.983333333333333, 3891.0], "20-38": [7.466666666666667, 3546.0], "20-39": [5.916666666666667, 2508.0], "20-40": [6.933333333333334, 2733.0], "20-41": [5.25, 2183.0], "20-42": [6.933333333333334, 3257.0], "20-43": [7.883333333333334, 3239.0], "20-44": [8.233333333333333, 2863.0], "20-45": [6.433333333333334, 2210.0], "20-46": [6.95, 2507.0], "20-47": [7.666666666666667, 2828.0], "20-48": [11.25, 4160.0], "20-49": [9.766666666666667, 3588.0], "20-50": [10.8, 3762.0], "20-51": [7.166666666666667, 3124.0], "20-52": [7.95, 2849.0], "20-53": [8.75, 3505.0], "20-54": [9.833333333333334, 3782.0], "20-55": [11.383333333333333, 4131.0], "20-56": [13.833333333333334, 6411.0], "20-57": [13.666666666666666, 6618.0], "20-58": [14.566666666666666, 6213.0], "20-59": [11.866666666666667, 5060.0], "20-60": [10.766666666666667, 4043.9999999999995], "20-61": [11.783333333333333, 4981.0], "20-62": [12.766666666666667, 5611.0], "20-63": [15.0, 6622.0], "20-64": [9.283333333333333, 3680.0], "20-65": [10.683333333333334, 6002.0], "20-66": [9.616666666666667, 4365.0], "20-67": [10.416666666666666, 3050.0], "20-68": [14.183333333333334, 6104.0], "20-69": [12.8, 5863.0], "20-70": [6.566666666666666, 1825.0]}