{"21-1": [9.083333333333334, 4945.0], "21-2": [8.783333333333333, 4852.0], "21-3": [11.35, 5541.0], "21-4": [5.166666666666667, 1369.0], "21-5": [4.566666666666666, 1467.0], "21-6": [4.333333333333333, 1390.0], "21-7": [3.6, 1419.0], "21-8": [3.1666666666666665, 1269.0], "21-9": [3.033333333333333, 862.0], "21-10": [3.8833333333333333, 1641.0], "21-11": [10.8, 4166.0], "21-12": [9.816666666666666, 5209.0], "21-13": [4.033333333333333, 1794.0], "21-14": [6.266666666666667, 2284.0], "21-15": [6.5, 2309.0], "21-16": [6.583333333333333, 2600.0], "21-17": [3.8833333333333333, 1434.0], "21-18": [4.55, 1767.0], "21-19": [4.733333333333333, 2041.0], "21-20": [0.5166666666666667, 163.0], "21-22": [4.95, 1687.0], "21-23": [4.566666666666666, 1659.0], "21-24": [4.333333333333333, 1631.0], "21-25": [11.616666666666667, 4812.0], "21-26": [6.016666666666667, 1638.0], "21-27": [4.8, 1547.0], "21-28": [7.15, 2989.0], "21-29": [14.866666666666667, 7428.0], "21-30": [13.583333333333334, 7391.0], "21-31": [12.083333333333334, 6813.0], "21-32": [11.766666666666667, 6584.0], "21-33": [11.283333333333333, 5872.0], "21-34": [10.316666666666666, 5396.0], "21-35": [10.15, 5229.0], "21-36": [8.55, 4282.0], "21-37": [8.183333333333334, 3985.0], "21-38": [7.666666666666667, 3640.0], "21-39": [6.116666666666666, 2602.0], "21-40": [7.116666666666666, 2827.0], "21-41": [5.45, 2277.0], "21-42": [7.133333333333334, 3351.0], "21-43": [8.083333333333334, 3333.0], "21-44": [8.4, 2957.0], "21-45": [6.633333333333334, 2304.0], "21-46": [7.116666666666666, 2601.0], "21-47": [7.866666666666666, 2922.0], "21-48": [11.45, 4254.0], "21-49": [9.983333333333333, 3682.0], "21-50": [11.0, 3856.0], "21-51": [7.366666666666666, 3218.0], "21-52": [8.166666666666666, 2943.0], "21-53": [8.95, 3599.0], "21-54": [10.033333333333333, 3876.0], "21-55": [11.583333333333334, 4225.0], "21-56": [14.05, 6505.0], "21-57": [13.866666666666667, 6712.0], "21-58": [14.75, 6307.0], "21-59": [12.05, 5154.0], "21-60": [10.983333333333333, 4138.0], "21-61": [11.966666666666667, 5075.0], "21-62": [12.95, 5705.0], "21-63": [15.183333333333334, 6716.0], "21-64": [9.466666666666667, 3774.0], "21-65": [10.883333333333333, 6096.0], "21-66": [9.816666666666666, 4459.0], "21-67": [10.566666666666666, 3144.0], "21-68": [14.383333333333333, 6198.0], "21-69": [12.983333333333333, 5957.0], "21-70": [6.766666666666667, 1919.0]}