{"22-1": [10.283333333333333, 5913.0], "22-2": [9.983333333333333, 5820.0], "22-3": [11.933333333333334, 5804.0], "22-4": [4.8, 2009.0], "22-5": [3.25, 1523.0], "22-6": [3.0166666666666666, 1446.0], "22-7": [2.6166666666666667, 1330.0], "22-8": [2.183333333333333, 1180.0], "22-9": [2.15, 1155.0], "22-10": [3.05, 1870.0], "22-11": [10.416666666666666, 4126.0], "22-12": [11.016666666666667, 6177.0], "22-13": [3.2, 2023.0000000000002], "22-14": [5.683333333333334, 3003.0], "22-15": [5.916666666666667, 3028.0], "22-16": [4.283333333333333, 2151.0], "22-17": [2.45, 1490.0], "22-18": [3.1166666666666667, 1823.0], "22-19": [3.3666666666666667, 1698.0], "22-20": [3.9, 1663.0], "22-21": [4.883333333333334, 1920.0], "22-23": [0.4166666666666667, 67.0], "22-24": [1.1666666666666667, 526.0], "22-25": [9.7, 6145.0], "22-26": [6.2, 2558.0], "22-27": [1.25, 749.0], "22-28": [6.683333333333334, 3284.0], "22-29": [12.3, 8423.0], "22-30": [11.266666666666667, 6942.0], "22-31": [9.783333333333333, 6364.0], "22-32": [9.466666666666667, 6135.0], "22-33": [8.983333333333333, 5423.0], "22-34": [8.016666666666667, 4947.0], "22-35": [7.85, 4780.0], "22-36": [6.25, 3833.0], "22-37": [5.883333333333334, 3536.0], "22-38": [5.366666666666666, 3191.0], "22-39": [3.816666666666667, 2153.0], "22-40": [5.2, 2396.0], "22-41": [3.533333333333333, 1846.0], "22-42": [4.833333333333333, 2902.0], "22-43": [7.116666666666666, 2676.0], "22-44": [6.533333333333333, 2526.0], "22-45": [5.35, 2360.0], "22-46": [5.25, 2170.0], "22-47": [6.966666666666667, 3138.0], "22-48": [11.05, 4214.0], "22-49": [8.283333333333333, 3494.0], "22-50": [9.816666666666666, 3607.0], "22-51": [8.583333333333334, 4186.0], "22-52": [7.583333333333333, 3662.0], "22-53": [9.266666666666667, 4567.0], "22-54": [9.633333333333333, 3836.0], "22-55": [9.166666666666666, 5386.0], "22-56": [13.45, 7224.0], "22-57": [13.283333333333333, 7431.0], "22-58": [14.183333333333334, 7026.0], "22-59": [11.483333333333333, 5873.0], "22-60": [10.4, 4857.0], "22-61": [11.4, 5794.0], "22-62": [11.433333333333334, 7247.0], "22-63": [13.383333333333333, 8007.999999999999], "22-64": [8.916666666666666, 4493.0], "22-65": [11.15, 5282.0], "22-66": [11.016666666666667, 5427.0], "22-67": [10.466666666666667, 3863.0], "22-68": [13.8, 6917.0], "22-69": [12.416666666666666, 6676.0], "22-70": [7.066666666666666, 2887.0]}