{"23-1": [10.55, 5991.0], "23-2": [10.25, 5898.0], "23-3": [12.2, 5882.0], "23-4": [5.066666666666666, 2087.0], "23-5": [3.5166666666666666, 1601.0], "23-6": [3.3, 1524.0], "23-7": [2.8833333333333333, 1408.0], "23-8": [2.45, 1258.0], "23-9": [2.4166666666666665, 1233.0], "23-10": [3.316666666666667, 1948.0], "23-11": [10.666666666666666, 4204.0], "23-12": [11.266666666666667, 6255.0], "23-13": [3.466666666666667, 2101.0], "23-14": [5.95, 3081.0], "23-15": [6.183333333333334, 3106.0], "23-16": [4.566666666666666, 2229.0], "23-17": [2.716666666666667, 1568.0], "23-18": [3.3833333333333333, 1901.0], "23-19": [3.6333333333333333, 1776.0], "23-20": [4.166666666666667, 1741.0], "23-21": [5.15, 1998.0], "23-22": [0.6333333333333333, 50.0], "23-24": [1.4333333333333333, 604.0], "23-25": [9.966666666666667, 6223.0], "23-26": [6.45, 2636.0], "23-27": [1.5166666666666666, 827.0], "23-28": [6.916666666666667, 3362.0], "23-29": [12.566666666666666, 8501.0], "23-30": [11.533333333333333, 7020.0], "23-31": [10.05, 6442.0], "23-32": [9.733333333333333, 6213.0], "23-33": [9.25, 5501.0], "23-34": [8.283333333333333, 5025.0], "23-35": [8.116666666666667, 4858.0], "23-36": [6.516666666666667, 3911.0], "23-37": [6.15, 3614.0], "23-38": [5.633333333333334, 3269.0], "23-39": [4.083333333333333, 2231.0], "23-40": [5.466666666666667, 2474.0], "23-41": [3.8, 1924.0], "23-42": [5.1, 2980.0], "23-43": [7.383333333333334, 2754.0], "23-44": [6.783333333333333, 2604.0], "23-45": [5.583333333333333, 2438.0], "23-46": [5.5, 2248.0], "23-47": [7.183333333333334, 3216.0], "23-48": [11.3, 4292.0], "23-49": [8.55, 3572.0], "23-50": [10.083333333333334, 3685.0], "23-51": [8.85, 4264.0], "23-52": [7.833333333333333, 3740.0], "23-53": [9.533333333333333, 4645.0], "23-54": [9.9, 3914.0], "23-55": [9.433333333333334, 5464.0], "23-56": [13.716666666666667, 7302.0], "23-57": [13.55, 7509.0], "23-58": [14.45, 7104.0], "23-59": [11.75, 5951.0], "23-60": [10.666666666666666, 4935.0], "23-61": [11.666666666666666, 5872.0], "23-62": [11.7, 7325.0], "23-63": [13.65, 8086.0], "23-64": [9.166666666666666, 4571.0], "23-65": [11.4, 5360.0], "23-66": [11.283333333333333, 5505.0], "23-67": [10.7, 3941.0], "23-68": [14.066666666666666, 6995.0], "23-69": [12.683333333333334, 6754.0], "23-70": [7.333333333333333, 2965.0]}