{"24-1": [10.3, 6347.0], "24-2": [10.0, 6254.0], "24-3": [12.65, 6239.0], "24-4": [5.8, 2163.0], "24-5": [4.25, 1677.0], "24-6": [4.016666666666667, 1600.0], "24-7": [3.6166666666666667, 1484.0], "24-8": [3.183333333333333, 1334.0], "24-9": [1.9666666666666666, 829.0], "24-10": [2.5166666666666666, 1485.0], "24-11": [11.216666666666667, 4485.0], "24-12": [11.016666666666667, 6611.0], "24-13": [2.6666666666666665, 1638.0], "24-14": [6.683333333333334, 3157.0], "24-15": [6.916666666666667, 3182.0], "24-16": [5.1, 2510.0], "24-17": [3.45, 1644.0], "24-18": [4.116666666666666, 1977.0], "24-19": [4.183333333333334, 2057.0], "24-20": [4.0, 2041.0], "24-21": [4.633333333333334, 1730.0], "24-22": [1.5666666666666667, 434.0], "24-23": [1.1833333333333333, 406.0], "24-25": [10.516666666666667, 6504.0], "24-26": [7.183333333333334, 2712.0], "24-27": [2.25, 903.0], "24-28": [7.65, 3438.0], "24-29": [13.116666666666667, 8782.0], "24-30": [12.1, 7301.0], "24-31": [10.6, 6723.0], "24-32": [10.283333333333333, 6494.0], "24-33": [9.8, 5782.0], "24-34": [8.833333333333334, 5306.0], "24-35": [8.666666666666666, 5139.0], "24-36": [7.066666666666666, 4192.0], "24-37": [6.7, 3895.0], "24-38": [6.183333333333334, 3550.0], "24-39": [4.633333333333334, 2512.0], "24-40": [6.016666666666667, 2755.0], "24-41": [4.35, 2205.0], "24-42": [5.65, 3261.0], "24-43": [7.933333333333334, 3035.0], "24-44": [7.333333333333333, 2885.0], "24-45": [6.316666666666666, 2514.0], "24-46": [6.05, 2529.0], "24-47": [7.916666666666667, 3292.0], "24-48": [11.85, 4573.0], "24-49": [9.1, 3853.0], "24-50": [10.616666666666667, 3966.0], "24-51": [8.6, 4620.0], "24-52": [8.566666666666666, 3816.0], "24-53": [10.266666666666667, 4721.0], "24-54": [10.45, 4195.0], "24-55": [9.983333333333333, 5745.0], "24-56": [14.45, 7378.0], "24-57": [14.283333333333333, 7585.0], "24-58": [15.183333333333334, 7180.0], "24-59": [12.483333333333333, 6027.0], "24-60": [11.4, 5011.0], "24-61": [12.4, 5948.0], "24-62": [12.25, 7606.0], "24-63": [14.2, 8367.0], "24-64": [9.9, 4647.0], "24-65": [12.133333333333333, 5436.0], "24-66": [11.033333333333333, 5861.0], "24-67": [10.783333333333333, 5136.0], "24-68": [14.8, 7071.0], "24-69": [13.416666666666666, 6830.0], "24-70": [7.983333333333333, 3321.0]}