{"25-1": [8.316666666666666, 3639.0], "25-2": [8.016666666666667, 3546.0], "25-3": [5.983333333333333, 2538.0], "25-4": [8.783333333333333, 4185.0], "25-5": [8.716666666666667, 3394.0], "25-6": [8.133333333333333, 3617.0], "25-7": [9.4, 3947.0], "25-8": [8.966666666666667, 3797.0], "25-9": [10.233333333333333, 4360.0], "25-10": [11.933333333333334, 6025.0], "25-11": [2.283333333333333, 487.0], "25-12": [9.05, 3903.0], "25-13": [12.083333333333334, 6178.0], "25-14": [6.483333333333333, 2865.0], "25-15": [6.716666666666667, 2890.0], "25-16": [6.9, 3869.0], "25-17": [9.65, 4625.0], "25-18": [10.333333333333334, 4958.0], "25-19": [8.15, 3347.0], "25-20": [9.15, 4396.0], "25-21": [10.0, 4653.0], "25-22": [11.616666666666667, 4883.0], "25-23": [11.233333333333333, 4855.0], "25-24": [10.683333333333334, 4590.0], "25-26": [7.45, 3950.0], "25-27": [9.666666666666666, 4046.9999999999995], "25-28": [7.933333333333334, 3570.0], "25-29": [4.95, 3515.0], "25-30": [3.8833333333333333, 2033.9999999999998], "25-31": [2.433333333333333, 1456.0], "25-32": [2.1166666666666667, 1227.0], "25-33": [2.7, 1406.0], "25-34": [2.966666666666667, 1675.0], "25-35": [3.25, 1649.0], "25-36": [3.8, 2164.0], "25-37": [4.383333333333334, 2465.0], "25-38": [4.8, 2729.0], "25-39": [6.433333333333334, 3871.0], "25-40": [6.45, 3594.0], "25-41": [6.95, 3819.0], "25-42": [5.066666666666666, 2919.0], "25-43": [5.883333333333334, 2877.0], "25-44": [7.683333333333334, 3315.0], "25-45": [6.833333333333333, 2529.0], "25-46": [6.933333333333334, 2456.0], "25-47": [4.9, 1763.0], "25-48": [3.933333333333333, 1524.0], "25-49": [4.566666666666666, 2131.0], "25-50": [3.783333333333333, 1790.0], "25-51": [6.916666666666667, 3380.0], "25-52": [5.15, 2198.0], "25-53": [4.233333333333333, 1334.0], "25-54": [4.85, 1093.0], "25-55": [2.466666666666667, 1045.0], "25-56": [6.166666666666667, 3801.0], "25-57": [5.983333333333333, 4008.0], "25-58": [6.0, 3015.0], "25-59": [3.1333333333333333, 1573.0], "25-60": [2.8833333333333333, 726.0], "25-61": [4.1, 2371.0], "25-62": [3.1666666666666665, 1606.0], "25-63": [5.583333333333333, 2726.0], "25-64": [5.166666666666667, 2508.0], "25-65": [4.833333333333333, 2277.0], "25-66": [7.333333333333333, 2681.0], "25-67": [8.233333333333333, 3120.0], "25-68": [6.516666666666667, 3239.0], "25-69": [3.45, 1960.0], "25-70": [8.216666666666667, 3778.0]}