{"26-1": [6.116666666666666, 3776.0], "26-2": [5.833333333333333, 3683.0], "26-3": [6.85, 2988.0], "26-4": [2.85, 1177.0], "26-5": [3.7666666666666666, 1452.0], "26-6": [4.183333333333334, 1573.0], "26-7": [3.45, 1602.0], "26-8": [3.0166666666666666, 1452.0], "26-9": [4.85, 1651.0], "26-10": [5.966666666666667, 3017.0], "26-11": [7.65, 3295.0], "26-12": [6.883333333333334, 4040.0], "26-13": [6.116666666666666, 3170.0], "26-14": [3.1166666666666667, 1413.0], "26-15": [3.35, 1438.0], "26-16": [6.533333333333333, 2502.0], "26-17": [3.7333333333333334, 1617.0], "26-18": [4.4, 1950.0], "26-19": [4.583333333333333, 2224.0], "26-20": [3.216666666666667, 1388.0], "26-21": [4.1, 1645.0], "26-22": [6.233333333333333, 2961.0], "26-23": [5.85, 2933.0], "26-24": [5.3, 2668.0], "26-25": [8.516666666666667, 3941.0], "26-27": [4.816666666666666, 2276.0], "26-28": [4.4, 2323.0], "26-29": [11.7, 6557.0], "26-30": [11.516666666666667, 5595.0], "26-31": [10.033333333333333, 5017.0], "26-32": [9.716666666666667, 4788.0], "26-33": [10.2, 4690.0], "26-34": [9.266666666666667, 4214.0], "26-35": [9.1, 4046.9999999999995], "26-36": [7.966666666666667, 3354.0], "26-37": [8.033333333333333, 4168.0], "26-38": [7.516666666666667, 3823.0], "26-39": [5.85, 2606.0], "26-40": [6.5, 2575.0], "26-41": [4.833333333333333, 2025.0], "26-42": [6.983333333333333, 3534.0], "26-43": [7.25, 2402.0], "26-44": [6.65, 2252.0], "26-45": [4.7, 1827.0], "26-46": [5.366666666666666, 1896.0], "26-47": [5.15, 2256.0], "26-48": [8.3, 3383.0], "26-49": [7.233333333333333, 3016.0], "26-50": [8.25, 3190.0], "26-51": [4.033333333333333, 1680.0], "26-52": [3.8666666666666667, 1614.0], "26-53": [5.783333333333333, 2728.0], "26-54": [6.883333333333334, 3005.0], "26-55": [8.416666666666666, 3354.0], "26-56": [10.883333333333333, 5634.0], "26-57": [10.7, 5841.0], "26-58": [11.6, 5436.0], "26-59": [8.9, 4283.0], "26-60": [7.8, 3267.0], "26-61": [8.466666666666667, 4459.0], "26-62": [9.8, 4834.0], "26-63": [12.033333333333333, 5845.0], "26-64": [5.1, 2508.0], "26-65": [7.35, 3359.0], "26-66": [5.6, 2320.0], "26-67": [4.983333333333333, 1885.0], "26-68": [11.183333333333334, 5327.0], "26-69": [9.8, 5086.0], "26-70": [0.7833333333333333, 270.0]}