{"27-1": [9.266666666666667, 5212.0], "27-2": [8.966666666666667, 5119.0], "27-3": [10.933333333333334, 5103.0], "27-4": [3.816666666666667, 1308.0], "27-5": [2.2666666666666666, 822.0], "27-6": [2.033333333333333, 745.0], "27-7": [1.6166666666666667, 629.0], "27-8": [1.1833333333333333, 479.0], "27-9": [1.9833333333333334, 769.0], "27-10": [3.8833333333333333, 2203.0], "27-11": [9.216666666666667, 4184.0], "27-12": [10.0, 5476.0], "27-13": [4.016666666666667, 2356.0], "27-14": [4.683333333333334, 2302.0], "27-15": [4.916666666666667, 2327.0], "27-16": [3.95, 1786.0], "27-17": [1.45, 789.0], "27-18": [2.1166666666666667, 1122.0], "27-19": [2.3, 1396.0], "27-20": [2.8666666666666667, 962.0], "27-21": [3.8666666666666667, 1219.0], "27-22": [2.9166666666666665, 1152.0], "27-23": [2.533333333333333, 1124.0], "27-24": [1.9833333333333334, 859.0], "27-25": [10.083333333333334, 4830.0], "27-26": [5.183333333333334, 1857.0], "27-28": [5.666666666666667, 2583.0], "27-29": [11.966666666666667, 8058.0], "27-30": [10.933333333333334, 6577.0], "27-31": [9.45, 5999.0], "27-32": [9.133333333333333, 5770.0], "27-33": [8.65, 5058.0], "27-34": [7.683333333333334, 4582.0], "27-35": [7.516666666666667, 4415.0], "27-36": [5.916666666666667, 3468.0], "27-37": [5.55, 3171.0], "27-38": [5.033333333333333, 2826.0], "27-39": [3.4833333333333334, 1788.0], "27-40": [4.683333333333334, 2182.0], "27-41": [3.0166666666666666, 1632.0], "27-42": [4.5, 2537.0], "27-43": [5.65, 2688.0], "27-44": [6.0, 2312.0], "27-45": [4.333333333333333, 1659.0], "27-46": [4.733333333333333, 1956.0], "27-47": [5.95, 2437.0], "27-48": [10.533333333333333, 4000.0], "27-49": [7.766666666666667, 3280.0], "27-50": [8.716666666666667, 3454.0], "27-51": [7.55, 3485.0], "27-52": [6.583333333333333, 2961.0], "27-53": [8.25, 3866.0], "27-54": [8.45, 3894.0], "27-55": [8.833333333333334, 5021.0], "27-56": [12.466666666666667, 6523.0], "27-57": [12.283333333333333, 6730.0], "27-58": [13.183333333333334, 6325.0], "27-59": [10.483333333333333, 5172.0], "27-60": [9.383333333333333, 4156.0], "27-61": [10.4, 5093.0], "27-62": [11.383333333333333, 5723.0], "27-63": [13.616666666666667, 6734.0], "27-64": [7.9, 3792.0], "27-65": [10.133333333333333, 4581.0], "27-66": [10.0, 4726.0], "27-67": [9.433333333333334, 3162.0], "27-68": [12.783333333333333, 6216.0], "27-69": [11.4, 5975.0], "27-70": [6.5, 2242.0]}