{"28-1": [8.833333333333334, 5285.0], "28-2": [8.533333333333333, 5192.0], "28-3": [9.233333333333333, 4516.0], "28-4": [3.316666666666667, 1127.0], "28-5": [2.683333333333333, 874.0], "28-6": [3.466666666666667, 1058.0], "28-7": [3.1166666666666667, 1040.0], "28-8": [2.683333333333333, 890.0], "28-9": [3.9833333333333334, 1453.0], "28-10": [6.866666666666666, 3450.0], "28-11": [7.533333333333333, 3597.0], "28-12": [9.566666666666666, 5549.0], "28-13": [7.016666666666667, 3603.0], "28-14": [3.0, 1715.0], "28-15": [3.2333333333333334, 1740.0], "28-16": [5.45, 1924.0], "28-17": [3.3, 1055.0], "28-18": [3.966666666666667, 1388.0], "28-19": [4.15, 1662.0], "28-20": [4.566666666666666, 1633.0], "28-21": [5.433333333333334, 1890.0], "28-22": [5.883333333333334, 2399.0], "28-23": [5.5, 2371.0], "28-24": [4.966666666666667, 2106.0], "28-25": [8.4, 4243.0], "28-26": [3.15, 1187.0], "28-27": [4.483333333333333, 1714.0], "28-29": [11.583333333333334, 6859.0], "28-30": [11.4, 5897.0], "28-31": [9.916666666666666, 5319.0], "28-32": [9.6, 5090.0], "28-33": [9.366666666666667, 4284.0], "28-34": [8.4, 3808.0], "28-35": [8.233333333333333, 3641.0], "28-36": [7.133333333333334, 2948.0], "28-37": [7.466666666666667, 3053.0], "28-38": [6.95, 2708.0], "28-39": [4.766666666666667, 2028.0], "28-40": [5.416666666666667, 1997.0], "28-41": [3.75, 1447.0], "28-42": [6.166666666666667, 2922.0], "28-43": [5.883333333333334, 1921.0], "28-44": [5.283333333333333, 1771.0], "28-45": [3.3333333333333335, 1346.0], "28-46": [4.0, 1415.0], "28-47": [4.283333333333333, 1850.0], "28-48": [8.183333333333334, 3685.0], "28-49": [6.366666666666666, 2610.0], "28-50": [7.416666666666667, 2784.0], "28-51": [7.116666666666666, 3558.0], "28-52": [4.9, 2374.0], "28-53": [7.0, 2516.0], "28-54": [6.766666666666667, 3307.0], "28-55": [8.3, 3656.0], "28-56": [10.766666666666667, 5936.0], "28-57": [10.583333333333334, 6143.0], "28-58": [11.483333333333333, 5738.0], "28-59": [8.783333333333333, 4585.0], "28-60": [7.666666666666667, 3569.0], "28-61": [8.666666666666666, 4506.0], "28-62": [9.666666666666666, 5136.0], "28-63": [11.883333333333333, 6147.0], "28-64": [6.216666666666667, 3205.0], "28-65": [8.433333333333334, 3994.0], "28-66": [8.75, 3623.0], "28-67": [7.666666666666667, 2693.0], "28-68": [11.1, 5629.0], "28-69": [9.716666666666667, 5388.0], "28-70": [3.9, 1468.0]}