{"29-1": [11.2, 6559.0], "29-2": [10.9, 6466.0], "29-3": [8.866666666666667, 5458.0], "29-4": [11.983333333333333, 7105.0], "29-5": [12.483333333333333, 7300.0], "29-6": [11.883333333333333, 7523.0], "29-7": [12.566666666666666, 7530.0], "29-8": [12.133333333333333, 7380.0], "29-9": [13.916666666666666, 7579.0], "29-10": [15.183333333333334, 8945.0], "29-11": [7.033333333333333, 3932.0], "29-12": [11.933333333333334, 6823.0], "29-13": [15.333333333333334, 9098.0], "29-14": [9.683333333333334, 5785.0], "29-15": [9.916666666666666, 5810.0], "29-16": [10.3, 6708.0], "29-17": [12.85, 7545.0], "29-18": [13.516666666666667, 7878.0], "29-19": [11.866666666666667, 7253.0], "29-20": [12.333333333333334, 7316.0], "29-21": [13.15, 7573.0], "29-22": [15.366666666666667, 8789.0], "29-23": [15.016666666666667, 8761.0], "29-24": [14.466666666666667, 8496.0], "29-25": [5.316666666666666, 3703.0], "29-26": [10.65, 6870.0], "29-27": [13.45, 7953.0], "29-28": [11.133333333333333, 6490.0], "29-30": [3.3, 1886.0], "29-31": [3.4166666666666665, 2389.0], "29-32": [4.116666666666666, 3028.0], "29-33": [5.95, 3915.0], "29-34": [6.5, 4456.0], "29-35": [6.633333333333334, 4488.0], "29-36": [7.183333333333334, 5003.0], "29-37": [7.766666666666667, 5304.0], "29-38": [8.183333333333334, 5568.0], "29-39": [9.816666666666666, 6710.0], "29-40": [9.833333333333334, 6433.0], "29-41": [10.333333333333334, 6658.0], "29-42": [8.45, 5758.0], "29-43": [9.25, 5716.0], "29-44": [11.033333333333333, 6154.0], "29-45": [10.616666666666667, 6435.0], "29-46": [10.716666666666667, 6362.0], "29-47": [8.983333333333333, 5242.0], "29-48": [7.433333333333334, 4305.0], "29-49": [7.95, 4970.0], "29-50": [7.183333333333334, 4629.0], "29-51": [10.016666666666667, 6317.0], "29-52": [8.333333333333334, 5118.0], "29-53": [8.7, 5306.0], "29-54": [7.083333333333333, 4334.0], "29-55": [5.966666666666667, 3826.0], "29-56": [2.7666666666666666, 1355.0], "29-57": [2.933333333333333, 1667.0], "29-58": [4.483333333333333, 2016.0], "29-59": [5.183333333333334, 3415.0], "29-60": [5.916666666666667, 3848.0], "29-61": [4.8, 3219.0], "29-62": [5.583333333333333, 2410.0], "29-63": [4.166666666666667, 1753.0], "29-64": [8.35, 5428.0], "29-65": [6.4, 4117.0], "29-66": [9.183333333333334, 5417.0], "29-67": [11.45, 6040.0], "29-68": [3.816666666666667, 1713.0], "29-69": [3.8, 2248.0], "29-70": [11.466666666666667, 6698.0]}