{"3-1": [2.9833333333333334, 1175.0], "3-2": [2.7, 1082.0], "3-4": [8.833333333333334, 5223.0], "3-5": [9.25, 5332.0], "3-6": [9.016666666666667, 5255.0], "3-7": [8.283333333333333, 5284.0], "3-8": [7.85, 5134.0], "3-9": [8.983333333333333, 5333.0], "3-10": [10.183333333333334, 6699.0], "3-11": [11.6, 4364.0], "3-12": [3.783333333333333, 1439.0], "3-13": [10.35, 6852.0], "3-14": [8.6, 4682.0], "3-15": [8.833333333333334, 4707.0], "3-16": [11.3, 6465.0], "3-17": [8.583333333333334, 5299.0], "3-18": [9.233333333333333, 5632.0], "3-19": [9.433333333333334, 5906.0], "3-20": [7.4, 5070.0], "3-21": [8.25, 5327.0], "3-22": [11.05, 6643.0], "3-23": [10.666666666666666, 6615.0], "3-24": [10.116666666666667, 6350.0], "3-25": [10.233333333333333, 4257.0], "3-26": [7.2, 4199.0], "3-27": [9.65, 5958.0], "3-28": [10.033333333333333, 5387.0], "3-29": [11.25, 6740.0], "3-30": [11.55, 6465.0], "3-31": [11.35, 5767.0], "3-32": [11.033333333333333, 5538.0], "3-33": [12.016666666666667, 5283.0], "3-34": [12.416666666666666, 5803.0], "3-35": [12.25, 5636.0], "3-36": [12.816666666666666, 6151.0], "3-37": [12.85, 7850.0], "3-38": [12.333333333333334, 7505.0], "3-39": [10.783333333333333, 6467.0], "3-40": [11.816666666666666, 6692.0], "3-41": [10.116666666666667, 6142.0], "3-42": [11.8, 7216.0], "3-43": [12.8, 7198.0], "3-44": [13.016666666666667, 6822.0], "3-45": [10.7, 6347.0], "3-46": [11.733333333333333, 6466.0], "3-47": [10.733333333333333, 4845.0], "3-48": [11.45, 4961.0], "3-49": [12.0, 5260.0], "3-50": [12.816666666666666, 5777.0], "3-51": [5.45, 2722.0], "3-52": [7.616666666666666, 3903.0], "3-53": [8.933333333333334, 4306.0], "3-54": [10.016666666666667, 4582.0], "3-55": [11.566666666666666, 4327.0], "3-56": [10.433333333333334, 5817.0], "3-57": [10.25, 6024.0], "3-58": [11.15, 5619.0], "3-59": [9.733333333333333, 4698.0], "3-60": [9.533333333333333, 3583.0], "3-61": [7.85, 4118.0], "3-62": [10.65, 5249.0], "3-63": [11.6, 6028.0], "3-64": [7.783333333333333, 3904.0], "3-65": [6.95, 3122.0], "3-66": [5.866666666666666, 2256.0], "3-67": [9.433333333333334, 3708.0], "3-68": [10.766666666666667, 5510.0], "3-69": [9.4, 5269.0], "3-70": [7.183333333333334, 4154.0]}