{"30-1": [9.25, 6051.0], "30-2": [8.95, 5958.0], "30-3": [6.916666666666667, 4950.0], "30-4": [11.4, 6014.0], "30-5": [10.333333333333334, 5684.0], "30-6": [9.733333333333333, 5907.0], "30-7": [10.983333333333333, 6237.0], "30-8": [10.55, 6087.0], "30-9": [11.816666666666666, 6650.0], "30-10": [14.6, 7854.0], "30-11": [4.866666666666666, 2316.0], "30-12": [9.966666666666667, 6315.0], "30-13": [14.75, 8007.0], "30-14": [9.1, 4694.0], "30-15": [9.333333333333334, 4719.0], "30-16": [8.116666666666667, 5092.0], "30-17": [11.816666666666666, 6194.0], "30-18": [12.483333333333333, 6527.0], "30-19": [9.75, 5637.0], "30-20": [11.75, 6225.0], "30-21": [12.583333333333334, 6482.0], "30-22": [13.216666666666667, 7173.0], "30-23": [12.833333333333334, 7145.0], "30-24": [12.283333333333333, 6880.0], "30-25": [3.15, 2087.0], "30-26": [10.066666666666666, 5779.0], "30-27": [11.283333333333333, 6337.0], "30-28": [9.666666666666666, 5417.0], "30-29": [2.0833333333333335, 1624.0], "30-31": [1.25, 773.0], "30-32": [1.95, 1412.0], "30-33": [3.783333333333333, 2299.0], "30-34": [4.333333333333333, 2840.0], "30-35": [4.466666666666667, 2872.0], "30-36": [5.016666666666667, 3387.0], "30-37": [5.6, 3688.0], "30-38": [6.016666666666667, 3952.0], "30-39": [7.65, 5094.0], "30-40": [7.666666666666667, 4817.0], "30-41": [8.166666666666666, 5042.0], "30-42": [6.283333333333333, 4142.0], "30-43": [7.1, 4100.0], "30-44": [8.866666666666667, 4538.0], "30-45": [8.45, 4819.0], "30-46": [8.55, 4746.0], "30-47": [6.8, 3626.0], "30-48": [5.266666666666667, 2689.0], "30-49": [5.783333333333333, 3354.0], "30-50": [5.0, 3013.0], "30-51": [9.516666666666667, 5209.0], "30-52": [7.75, 4027.0], "30-53": [6.833333333333333, 3163.0], "30-54": [4.916666666666667, 2718.0], "30-55": [3.8, 2210.0], "30-56": [3.933333333333333, 2557.0], "30-57": [4.1, 2869.0], "30-58": [3.5833333333333335, 1498.0], "30-59": [3.683333333333333, 2062.0], "30-60": [3.9833333333333334, 2523.0], "30-61": [4.316666666666666, 2908.0], "30-62": [3.7333333333333334, 1305.0], "30-63": [3.1666666666666665, 1209.0], "30-64": [7.766666666666667, 4337.0], "30-65": [5.916666666666667, 3806.0], "30-66": [8.566666666666666, 5106.0], "30-67": [10.85, 4949.0], "30-68": [4.583333333333333, 2362.0], "30-69": [2.7, 1405.0], "30-70": [10.866666666666667, 5607.0]}