{"31-1": [9.983333333333333, 5413.0], "31-2": [9.683333333333334, 5320.0], "31-3": [7.65, 4312.0], "31-4": [10.9, 5431.0], "31-5": [9.833333333333334, 5101.0], "31-6": [9.233333333333333, 5324.0], "31-7": [10.516666666666667, 5654.0], "31-8": [10.066666666666666, 5504.0], "31-9": [11.333333333333334, 6067.0], "31-10": [14.083333333333334, 7271.0], "31-11": [4.366666666666666, 1733.0], "31-12": [10.7, 5677.0], "31-13": [14.233333333333333, 7424.0], "31-14": [8.6, 4111.0], "31-15": [8.833333333333334, 4136.0], "31-16": [7.616666666666666, 4509.0], "31-17": [11.316666666666666, 5611.0], "31-18": [11.983333333333333, 5944.0], "31-19": [9.266666666666667, 5054.0], "31-20": [11.25, 5642.0], "31-21": [12.083333333333334, 5899.0], "31-22": [12.733333333333333, 6590.0], "31-23": [12.35, 6562.0], "31-24": [11.8, 6297.0], "31-25": [2.65, 1504.0], "31-26": [9.566666666666666, 5196.0], "31-27": [10.783333333333333, 5754.0], "31-28": [9.166666666666666, 4834.0], "31-29": [2.95, 2129.0], "31-30": [1.8666666666666667, 648.0], "31-32": [1.45, 829.0], "31-33": [3.283333333333333, 1716.0], "31-34": [3.8333333333333335, 2257.0], "31-35": [3.966666666666667, 2289.0], "31-36": [4.516666666666667, 2804.0], "31-37": [5.1, 3105.0], "31-38": [5.516666666666667, 3369.0], "31-39": [7.15, 4511.0], "31-40": [7.166666666666667, 4234.0], "31-41": [7.666666666666667, 4459.0], "31-42": [5.783333333333333, 3559.0], "31-43": [6.6, 3517.0], "31-44": [8.4, 3955.0], "31-45": [7.95, 4236.0], "31-46": [8.05, 4163.0], "31-47": [6.3, 3043.0], "31-48": [4.766666666666667, 2106.0], "31-49": [5.283333333333333, 2771.0], "31-50": [4.5, 2430.0], "31-51": [9.016666666666667, 4626.0], "31-52": [7.25, 3444.0], "31-53": [6.316666666666666, 2580.0], "31-54": [4.416666666666667, 2135.0], "31-55": [3.3, 1627.0], "31-56": [4.8, 3062.0], "31-57": [4.966666666666667, 3374.0], "31-58": [4.45, 2003.0], "31-59": [3.6, 1582.0], "31-60": [3.4833333333333334, 1940.0], "31-61": [5.05, 2937.0], "31-62": [2.85, 1301.0], "31-63": [4.033333333333333, 1714.0], "31-64": [7.266666666666667, 3754.0], "31-65": [5.783333333333333, 2843.0], "31-66": [9.433333333333334, 3927.0], "31-67": [10.35, 4366.0], "31-68": [5.45, 2867.0], "31-69": [3.6, 1910.0], "31-70": [10.333333333333334, 5024.0]}