{"32-1": [10.35, 5655.0], "32-2": [10.05, 5562.0], "32-3": [8.0, 4554.0], "32-4": [11.266666666666667, 5673.0], "32-5": [10.2, 5343.0], "32-6": [9.6, 5566.0], "32-7": [10.866666666666667, 5896.0], "32-8": [10.433333333333334, 5746.0], "32-9": [11.7, 6309.0], "32-10": [14.466666666666667, 7513.0], "32-11": [4.733333333333333, 1975.0], "32-12": [11.066666666666666, 5919.0], "32-13": [14.616666666666667, 7666.0], "32-14": [8.966666666666667, 4353.0], "32-15": [9.2, 4378.0], "32-16": [7.983333333333333, 4751.0], "32-17": [11.683333333333334, 5853.0], "32-18": [12.35, 6186.0], "32-19": [9.616666666666667, 5296.0], "32-20": [11.616666666666667, 5884.0], "32-21": [12.433333333333334, 6141.0], "32-22": [13.083333333333334, 6832.0], "32-23": [12.7, 6804.0], "32-24": [12.15, 6539.0], "32-25": [3.0166666666666666, 1746.0], "32-26": [9.933333333333334, 5438.0], "32-27": [11.15, 5996.0], "32-28": [9.533333333333333, 5076.0], "32-29": [3.1333333333333333, 2371.0], "32-30": [2.05, 890.0], "32-31": [0.6166666666666667, 312.0], "32-33": [3.65, 1958.0], "32-34": [4.2, 2499.0], "32-35": [4.333333333333333, 2531.0], "32-36": [4.883333333333334, 3046.0], "32-37": [5.466666666666667, 3347.0], "32-38": [5.883333333333334, 3611.0], "32-39": [7.516666666666667, 4753.0], "32-40": [7.533333333333333, 4476.0], "32-41": [8.033333333333333, 4701.0], "32-42": [6.15, 3801.0], "32-43": [6.966666666666667, 3759.0], "32-44": [8.766666666666667, 4197.0], "32-45": [8.316666666666666, 4478.0], "32-46": [8.416666666666666, 4405.0], "32-47": [6.666666666666667, 3285.0], "32-48": [5.133333333333334, 2348.0], "32-49": [5.65, 3013.0], "32-50": [4.866666666666666, 2672.0], "32-51": [9.383333333333333, 4868.0], "32-52": [7.616666666666666, 3686.0], "32-53": [6.7, 2822.0], "32-54": [4.783333333333333, 2376.0], "32-55": [3.6666666666666665, 1869.0], "32-56": [4.983333333333333, 3304.0], "32-57": [5.15, 3616.0], "32-58": [4.633333333333334, 2245.0], "32-59": [3.933333333333333, 1824.0], "32-60": [3.85, 2182.0], "32-61": [5.366666666666666, 3655.0], "32-62": [3.183333333333333, 1543.0], "32-63": [4.216666666666667, 1956.0], "32-64": [7.633333333333334, 3996.0], "32-65": [6.15, 3085.0], "32-66": [9.8, 4169.0], "32-67": [10.716666666666667, 4608.0], "32-68": [5.633333333333334, 3109.0], "32-69": [3.783333333333333, 2152.0], "32-70": [10.75, 5266.0]}