{"33-1": [11.116666666666667, 4949.0], "33-2": [10.816666666666666, 4856.0], "33-3": [8.766666666666667, 3848.0], "33-4": [10.383333333333333, 4770.0], "33-5": [9.066666666666666, 4191.0], "33-6": [8.483333333333333, 4414.0], "33-7": [9.75, 4744.0], "33-8": [9.316666666666666, 4594.0], "33-9": [10.583333333333334, 5157.0], "33-10": [12.966666666666667, 6731.0], "33-11": [5.05, 1797.0], "33-12": [11.833333333333334, 5213.0], "33-13": [13.116666666666667, 6884.0], "33-14": [7.7, 3643.0], "33-15": [7.933333333333334, 3668.0], "33-16": [6.85, 3599.0], "33-17": [10.55, 4701.0], "33-18": [11.216666666666667, 5034.0], "33-19": [8.5, 4144.0], "33-20": [11.6, 5204.0], "33-21": [12.416666666666666, 5461.0], "33-22": [11.966666666666667, 5680.0], "33-23": [11.583333333333334, 5652.0], "33-24": [11.033333333333333, 5387.0], "33-25": [3.3333333333333335, 1568.0], "33-26": [9.933333333333334, 4758.0], "33-27": [10.016666666666667, 4844.0], "33-28": [8.4, 3924.0], "33-29": [5.916666666666667, 3717.0], "33-30": [4.85, 2236.0], "33-31": [3.4, 1658.0], "33-32": [3.0833333333333335, 1429.0], "33-34": [2.6666666666666665, 1110.0], "33-35": [3.35, 1379.0], "33-36": [3.75, 1894.0], "33-37": [4.333333333333333, 2195.0], "33-38": [4.75, 2459.0], "33-39": [6.383333333333334, 3601.0], "33-40": [6.4, 3324.0], "33-41": [6.9, 3549.0], "33-42": [5.016666666666667, 2649.0], "33-43": [5.833333333333333, 2607.0], "33-44": [7.633333333333334, 3045.0], "33-45": [7.183333333333334, 3326.0], "33-46": [7.283333333333333, 3253.0], "33-47": [6.483333333333333, 2340.0], "33-48": [5.4, 1965.0], "33-49": [5.233333333333333, 2108.0], "33-50": [3.75, 1520.0], "33-51": [9.7, 4690.0], "33-52": [7.933333333333334, 3508.0], "33-53": [7.266666666666667, 2468.0], "33-54": [5.05, 1994.0], "33-55": [4.05, 1691.0], "33-56": [7.766666666666667, 4650.0], "33-57": [7.933333333333334, 4962.0], "33-58": [7.45, 3591.0], "33-59": [5.433333333333334, 2869.0], "33-60": [5.633333333333334, 2036.0], "33-61": [6.783333333333333, 3667.0], "33-62": [5.016666666666667, 2541.0], "33-63": [7.0, 3302.0], "33-64": [7.95, 3818.0], "33-65": [7.516666666666667, 3573.0], "33-66": [10.1, 3991.0], "33-67": [11.033333333333333, 4430.0], "33-68": [8.416666666666666, 4455.0], "33-69": [5.75, 3256.0], "33-70": [11.116666666666667, 4586.0]}