{"34-1": [10.283333333333333, 4801.0], "34-2": [9.983333333333333, 4708.0], "34-3": [7.933333333333334, 3700.0], "34-4": [9.633333333333333, 4622.0], "34-5": [8.316666666666666, 4043.0], "34-6": [7.75, 4266.0], "34-7": [8.983333333333333, 4596.0], "34-8": [8.583333333333334, 4446.0], "34-9": [9.85, 5009.0], "34-10": [12.183333333333334, 6583.0], "34-11": [4.216666666666667, 1649.0], "34-12": [11.0, 5065.0], "34-13": [12.333333333333334, 6736.0], "34-14": [6.933333333333334, 3495.0], "34-15": [7.166666666666667, 3520.0], "34-16": [6.083333333333333, 3451.0], "34-17": [9.783333333333333, 4553.0], "34-18": [10.45, 4886.0], "34-19": [7.733333333333333, 3996.0], "34-20": [10.85, 5056.0], "34-21": [11.683333333333334, 5313.0], "34-22": [11.216666666666667, 5532.0], "34-23": [10.833333333333334, 5504.0], "34-24": [10.266666666666667, 5239.0], "34-25": [2.5, 1420.0], "34-26": [9.166666666666666, 4610.0], "34-27": [9.266666666666667, 4696.0], "34-28": [7.633333333333334, 3776.0], "34-29": [5.116666666666666, 3698.0], "34-30": [4.05, 2217.0], "34-31": [2.6, 1639.0], "34-32": [2.283333333333333, 1410.0], "34-33": [1.35, 590.0], "34-35": [2.5833333333333335, 1231.0], "34-36": [2.9833333333333334, 1746.0], "34-37": [3.566666666666667, 2047.0000000000002], "34-38": [3.9833333333333334, 2311.0], "34-39": [5.616666666666666, 3453.0], "34-40": [5.633333333333334, 3176.0], "34-41": [6.133333333333334, 3401.0], "34-42": [4.25, 2501.0], "34-43": [5.066666666666666, 2459.0], "34-44": [6.866666666666666, 2897.0], "34-45": [6.416666666666667, 3178.0], "34-46": [6.516666666666667, 3105.0], "34-47": [5.716666666666667, 2192.0], "34-48": [4.633333333333334, 1817.0], "34-49": [4.466666666666667, 1960.0], "34-50": [2.9833333333333334, 1372.0], "34-51": [8.866666666666667, 4542.0], "34-52": [7.1, 3360.0], "34-53": [6.166666666666667, 2496.0], "34-54": [4.283333333333333, 1845.0], "34-55": [3.216666666666667, 1543.0], "34-56": [6.966666666666667, 4631.0], "34-57": [7.133333333333334, 4943.0], "34-58": [6.616666666666666, 3572.0], "34-59": [4.666666666666667, 2850.0], "34-60": [4.8, 1888.0], "34-61": [6.833333333333333, 3690.0], "34-62": [4.25, 2522.0], "34-63": [6.2, 3283.0], "34-64": [7.116666666666666, 3670.0], "34-65": [7.133333333333334, 3178.0], "34-66": [9.283333333333333, 3843.0], "34-67": [10.2, 4282.0], "34-68": [7.616666666666666, 4436.0], "34-69": [4.983333333333333, 3237.0], "34-70": [10.3, 4438.0]}