{"35-1": [11.133333333333333, 5208.0], "35-2": [10.833333333333334, 5115.0], "35-3": [8.783333333333333, 4107.0], "35-4": [9.4, 4327.0], "35-5": [8.083333333333334, 3748.0], "35-6": [7.5, 3971.0], "35-7": [8.766666666666667, 4301.0], "35-8": [8.333333333333334, 4151.0], "35-9": [9.6, 4714.0], "35-10": [11.966666666666667, 6288.0], "35-11": [4.833333333333333, 1841.0], "35-12": [11.833333333333334, 5472.0], "35-13": [12.116666666666667, 6441.0], "35-14": [6.716666666666667, 3200.0], "35-15": [6.95, 3225.0], "35-16": [5.866666666666666, 3156.0], "35-17": [9.566666666666666, 4258.0], "35-18": [10.233333333333333, 4591.0], "35-19": [7.516666666666667, 3701.0], "35-20": [10.633333333333333, 4761.0], "35-21": [11.466666666666667, 5018.0], "35-22": [10.983333333333333, 5237.0], "35-23": [10.6, 5209.0], "35-24": [10.05, 4944.0], "35-25": [3.35, 1827.0], "35-26": [8.95, 4315.0], "35-27": [9.05, 4401.0], "35-28": [7.416666666666667, 3481.0], "35-29": [5.966666666666667, 4105.0], "35-30": [4.9, 2624.0], "35-31": [3.45, 2045.9999999999998], "35-32": [3.1333333333333333, 1817.0], "35-33": [2.2, 997.0], "35-34": [1.2333333333333334, 521.0], "35-36": [2.7666666666666666, 1451.0], "35-37": [3.35, 1752.0], "35-38": [3.7666666666666666, 2016.0], "35-39": [5.4, 3158.0], "35-40": [5.416666666666667, 2881.0], "35-41": [5.916666666666667, 3106.0], "35-42": [4.033333333333333, 2206.0], "35-43": [4.85, 2164.0], "35-44": [6.65, 2602.0], "35-45": [6.2, 2883.0], "35-46": [6.3, 2810.0], "35-47": [5.45, 1897.0], "35-48": [4.416666666666667, 1522.0], "35-49": [4.233333333333333, 1665.0], "35-50": [2.75, 1077.0], "35-51": [9.5, 3931.0], "35-52": [7.416666666666667, 2749.0], "35-53": [6.266666666666667, 2025.0], "35-54": [4.066666666666666, 1551.0], "35-55": [3.433333333333333, 1436.0], "35-56": [7.816666666666666, 5038.0], "35-57": [7.983333333333333, 5350.0], "35-58": [7.5, 3979.0], "35-59": [5.516666666666667, 3257.0], "35-60": [5.65, 2295.0], "35-61": [7.683333333333334, 4097.0], "35-62": [5.1, 2929.0], "35-63": [7.05, 3690.0], "35-64": [7.75, 3059.0], "35-65": [7.6, 3961.0], "35-66": [9.75, 3797.0], "35-67": [10.516666666666667, 3671.0], "35-68": [8.466666666666667, 4843.0], "35-69": [5.833333333333333, 3644.0], "35-70": [10.116666666666667, 4143.0]}