{"36-1": [11.733333333333333, 5813.0], "36-2": [11.433333333333334, 5720.0], "36-3": [9.383333333333333, 4712.0], "36-4": [7.916666666666667, 3349.0], "36-5": [6.6, 2784.0], "36-6": [5.433333333333334, 3026.0], "36-7": [6.7, 3356.0], "36-8": [6.266666666666667, 3206.0], "36-9": [7.533333333333333, 3769.0], "36-10": [10.483333333333333, 5310.0], "36-11": [4.85, 2092.0], "36-12": [12.433333333333334, 6077.0], "36-13": [10.633333333333333, 5463.0], "36-14": [5.2, 2236.0], "36-15": [5.433333333333334, 2261.0], "36-16": [3.816666666666667, 1913.0], "36-17": [8.05, 3280.0], "36-18": [8.733333333333333, 3613.0], "36-19": [5.133333333333334, 2756.0], "36-20": [9.133333333333333, 3797.0], "36-21": [9.983333333333333, 4054.0000000000005], "36-22": [9.5, 4259.0], "36-23": [9.116666666666667, 4231.0], "36-24": [8.583333333333334, 3966.0], "36-25": [3.95, 2432.0], "36-26": [7.45, 3351.0], "36-27": [7.55, 3423.0], "36-28": [5.916666666666667, 2517.0], "36-29": [6.55, 4710.0], "36-30": [5.483333333333333, 3229.0], "36-31": [4.033333333333333, 2665.0], "36-32": [3.716666666666667, 2422.0], "36-33": [3.2333333333333334, 1724.0], "36-34": [2.2666666666666666, 1234.0], "36-35": [1.7833333333333334, 646.0], "36-37": [0.7666666666666667, 261.0], "36-38": [1.7166666666666666, 773.0], "36-39": [3.35, 1915.0], "36-40": [3.3666666666666667, 1638.0], "36-41": [3.8666666666666667, 1863.0], "36-42": [1.9833333333333334, 963.0], "36-43": [2.7666666666666666, 1414.0], "36-44": [5.15, 1624.0], "36-45": [4.7, 1919.0], "36-46": [4.8, 1846.0], "36-47": [4.883333333333334, 1936.0], "36-48": [4.433333333333334, 1773.0], "36-49": [3.0, 1192.0], "36-50": [2.816666666666667, 1314.0], "36-51": [9.5, 4168.0], "36-52": [7.1, 2881.0], "36-53": [6.283333333333333, 2262.0], "36-54": [4.083333333333333, 1802.0], "36-55": [3.45, 1687.0], "36-56": [8.4, 5643.0], "36-57": [8.566666666666666, 5955.0], "36-58": [8.083333333333334, 4584.0], "36-59": [6.1, 3862.0], "36-60": [4.983333333333333, 3020.0], "36-61": [8.283333333333333, 4702.0], "36-62": [5.683333333333334, 3534.0], "36-63": [7.633333333333334, 4295.0], "36-64": [7.75, 3296.0], "36-65": [8.583333333333334, 4204.0], "36-66": [9.733333333333333, 4034.0], "36-67": [9.966666666666667, 3096.0], "36-68": [9.05, 5448.0], "36-69": [6.416666666666667, 4249.0], "36-70": [8.583333333333334, 3165.0]}