{"37-1": [11.916666666666666, 6038.0], "37-2": [11.616666666666667, 5945.0], "37-3": [9.566666666666666, 4937.0], "37-4": [7.383333333333334, 3558.0], "37-5": [5.783333333333333, 2945.0], "37-6": [5.0, 2759.0], "37-7": [6.266666666666667, 3089.0], "37-8": [5.833333333333333, 2939.0], "37-9": [7.116666666666666, 3502.0], "37-10": [9.15, 5076.0], "37-11": [5.033333333333333, 2303.0], "37-12": [12.616666666666667, 6302.0], "37-13": [9.266666666666667, 5229.0], "37-14": [5.383333333333334, 2447.0], "37-15": [5.616666666666666, 2472.0], "37-16": [3.3833333333333333, 1646.0], "37-17": [7.333333333333333, 3550.0], "37-18": [8.0, 3883.0], "37-19": [4.7, 2489.0], "37-20": [8.233333333333333, 3810.0], "37-21": [9.083333333333334, 4067.0], "37-22": [8.15, 4025.0000000000005], "37-23": [7.766666666666667, 3997.0], "37-24": [7.233333333333333, 3732.0], "37-25": [4.133333333333334, 2657.0], "37-26": [7.633333333333334, 3562.0], "37-27": [6.183333333333334, 3189.0], "37-28": [6.1, 2728.0], "37-29": [6.733333333333333, 4935.0], "37-30": [5.666666666666667, 3454.0], "37-31": [4.216666666666667, 2876.0], "37-32": [3.9, 2647.0], "37-33": [3.4166666666666665, 1935.0], "37-34": [2.45, 1459.0], "37-35": [2.283333333333333, 1292.0], "37-36": [0.6833333333333333, 345.0], "37-38": [1.2833333333333334, 506.0], "37-39": [2.9166666666666665, 1648.0], "37-40": [2.933333333333333, 1371.0], "37-41": [3.433333333333333, 1596.0], "37-42": [1.55, 696.0], "37-43": [2.3333333333333335, 1147.0], "37-44": [5.333333333333333, 1849.0], "37-45": [4.883333333333334, 2130.0], "37-46": [4.983333333333333, 2057.0], "37-47": [5.066666666666666, 2147.0], "37-48": [4.616666666666666, 1984.0], "37-49": [3.183333333333333, 1403.0], "37-50": [3.0, 1539.0], "37-51": [9.7, 4393.0], "37-52": [7.283333333333333, 3106.0], "37-53": [6.466666666666667, 2487.0], "37-54": [4.266666666666667, 2013.0], "37-55": [3.6333333333333333, 1898.0], "37-56": [8.583333333333334, 5868.0], "37-57": [8.75, 6180.0], "37-58": [8.283333333333333, 4809.0], "37-59": [6.283333333333333, 4086.9999999999995], "37-60": [5.166666666666667, 3231.0], "37-61": [8.466666666666667, 4927.0], "37-62": [5.866666666666666, 3759.0], "37-63": [7.816666666666666, 4520.0], "37-64": [7.95, 3521.0], "37-65": [8.766666666666667, 4415.0], "37-66": [9.95, 4259.0], "37-67": [10.166666666666666, 3307.0], "37-68": [9.233333333333333, 5673.0], "37-69": [6.6, 4474.0], "37-70": [8.783333333333333, 3390.0]}