{"38-1": [12.183333333333334, 7099.0], "38-2": [11.883333333333333, 7006.0], "38-3": [10.216666666666667, 5357.0], "38-4": [6.766666666666667, 3195.0], "38-5": [5.166666666666667, 2582.0], "38-6": [4.383333333333334, 2396.0], "38-7": [5.65, 2726.0], "38-8": [5.216666666666667, 2576.0], "38-9": [6.5, 3139.0], "38-10": [8.5, 4713.0], "38-11": [5.683333333333334, 2723.0], "38-12": [12.883333333333333, 7363.0], "38-13": [8.65, 4866.0], "38-14": [6.05, 2867.0], "38-15": [6.283333333333333, 2892.0], "38-16": [2.7666666666666666, 1283.0], "38-17": [6.716666666666667, 3187.0], "38-18": [7.383333333333334, 3520.0], "38-19": [4.083333333333333, 2126.0], "38-20": [7.6, 3447.0], "38-21": [8.45, 3704.0], "38-22": [7.533333333333333, 3662.0], "38-23": [7.15, 3634.0], "38-24": [6.616666666666666, 3369.0], "38-25": [4.783333333333333, 3077.0], "38-26": [8.283333333333333, 3982.0], "38-27": [5.583333333333333, 2826.0], "38-28": [6.75, 3148.0], "38-29": [7.383333333333334, 5355.0], "38-30": [6.316666666666666, 3874.0], "38-31": [4.866666666666666, 3296.0], "38-32": [4.55, 3067.0], "38-33": [4.066666666666666, 2355.0], "38-34": [3.1, 1879.0], "38-35": [2.933333333333333, 1712.0], "38-36": [1.3333333333333333, 765.0], "38-37": [0.9666666666666667, 468.0], "38-39": [2.3, 1285.0], "38-40": [2.316666666666667, 1008.0], "38-41": [2.816666666666667, 1233.0], "38-42": [0.9333333333333333, 333.0], "38-43": [1.7333333333333334, 784.0], "38-44": [4.783333333333333, 1546.0], "38-45": [5.0, 1467.0], "38-46": [4.233333333333333, 1268.0], "38-47": [5.716666666666667, 2567.0], "38-48": [5.266666666666667, 2404.0], "38-49": [3.8333333333333335, 1823.0], "38-50": [3.6666666666666665, 1959.0], "38-51": [10.316666666666666, 4813.0], "38-52": [7.933333333333334, 3526.0], "38-53": [7.133333333333334, 2907.0], "38-54": [4.916666666666667, 2433.0], "38-55": [4.283333333333333, 2318.0], "38-56": [9.233333333333333, 6288.0], "38-57": [9.4, 6600.0], "38-58": [8.933333333333334, 5229.0], "38-59": [6.933333333333334, 4507.0], "38-60": [5.816666666666666, 3651.0], "38-61": [9.116666666666667, 5347.0], "38-62": [6.516666666666667, 4179.0], "38-63": [8.466666666666667, 4940.0], "38-64": [8.583333333333334, 3941.0], "38-65": [9.416666666666666, 4835.0], "38-66": [10.583333333333334, 4679.0], "38-67": [10.8, 3727.0], "38-68": [9.883333333333333, 6093.0], "38-69": [7.25, 4894.0], "38-70": [9.416666666666666, 3810.0]}