{"39-1": [9.95, 5830.0], "39-2": [9.65, 5737.0], "39-3": [12.483333333333333, 5970.0], "39-4": [4.533333333333333, 1926.0], "39-5": [2.933333333333333, 1313.0], "39-6": [2.15, 1127.0], "39-7": [3.4166666666666665, 1457.0], "39-8": [2.9833333333333334, 1307.0], "39-9": [4.266666666666667, 1870.0], "39-10": [6.266666666666667, 3444.0], "39-11": [8.216666666666667, 3285.0], "39-12": [10.666666666666666, 6094.0], "39-13": [6.416666666666667, 3597.0], "39-14": [6.233333333333333, 3169.0], "39-15": [6.466666666666667, 3194.0], "39-16": [1.3833333333333333, 156.0], "39-17": [4.483333333333333, 1918.0], "39-18": [5.15, 2251.0], "39-19": [1.85, 857.0], "39-20": [5.366666666666666, 2178.0], "39-21": [6.233333333333333, 2435.0], "39-22": [5.3, 2393.0], "39-23": [4.916666666666667, 2365.0], "39-24": [4.366666666666666, 2100.0], "39-25": [6.916666666666667, 4483.0], "39-26": [5.916666666666667, 2475.0], "39-27": [3.3333333333333335, 1557.0], "39-28": [6.383333333333334, 3201.0], "39-29": [9.516666666666667, 6761.0], "39-30": [8.466666666666667, 5280.0], "39-31": [7.0, 4702.0], "39-32": [6.683333333333334, 4473.0], "39-33": [6.2, 3761.0], "39-34": [5.233333333333333, 3285.0], "39-35": [5.066666666666666, 3118.0], "39-36": [3.466666666666667, 2171.0], "39-37": [3.1, 1874.0], "39-38": [2.5833333333333335, 1529.0], "39-40": [2.283333333333333, 992.0], "39-41": [1.3333333333333333, 1004.9999999999999], "39-42": [2.05, 1240.0], "39-43": [3.2333333333333334, 1498.0], "39-44": [4.35, 1685.0], "39-45": [3.8833333333333333, 1440.0], "39-46": [3.066666666666667, 1329.0], "39-47": [6.5, 2685.0], "39-48": [7.4, 3810.0], "39-49": [6.083333333333333, 2653.0], "39-50": [5.916666666666667, 2429.0], "39-51": [8.25, 4103.0], "39-52": [8.133333333333333, 3828.0], "39-53": [8.916666666666666, 4484.0], "39-54": [7.45, 2995.0], "39-55": [6.416666666666667, 3724.0], "39-56": [11.366666666666667, 7694.0], "39-57": [11.533333333333333, 8006.0], "39-58": [11.083333333333334, 6635.0], "39-59": [9.066666666666666, 5913.0], "39-60": [7.95, 5057.0], "39-61": [11.266666666666667, 6753.0], "39-62": [8.65, 5585.0], "39-63": [10.6, 6346.0], "39-64": [9.45, 4659.0], "39-65": [11.683333333333334, 5448.0], "39-66": [10.683333333333334, 5344.0], "39-67": [10.166666666666666, 3780.0], "39-68": [12.016666666666667, 7499.0], "39-69": [9.383333333333333, 6300.0], "39-70": [6.733333333333333, 2804.0]}