{"4-1": [8.483333333333333, 4978.0], "4-2": [8.183333333333334, 4885.0], "4-3": [10.75, 5574.0], "4-5": [1.6666666666666667, 439.0], "4-6": [2.45, 623.0], "4-7": [2.15, 605.0], "4-8": [1.7166666666666666, 455.0], "4-9": [3.0166666666666666, 1018.0], "4-10": [5.9, 3015.0], "4-11": [9.266666666666667, 3292.0], "4-12": [9.216666666666667, 5242.0], "4-13": [6.05, 3168.0], "4-14": [4.783333333333333, 2317.0], "4-15": [5.016666666666667, 2342.0], "4-16": [4.433333333333334, 1489.0], "4-17": [2.3333333333333335, 620.0], "4-18": [3.0, 953.0], "4-19": [3.183333333333333, 1227.0], "4-20": [3.9, 1326.0], "4-21": [4.766666666666667, 1583.0], "4-22": [4.933333333333334, 1964.0], "4-23": [4.55, 1936.0], "4-24": [4.0, 1671.0], "4-25": [10.183333333333334, 4845.0], "4-26": [4.516666666666667, 1671.0], "4-27": [3.5166666666666666, 1279.0], "4-28": [5.666666666666667, 3022.0], "4-29": [13.366666666666667, 7334.0], "4-30": [12.333333333333334, 5853.0], "4-31": [10.85, 5275.0], "4-32": [10.533333333333333, 5046.0], "4-33": [10.05, 4334.0], "4-34": [9.083333333333334, 3858.0], "4-35": [8.916666666666666, 3691.0], "4-36": [6.816666666666666, 2915.0], "4-37": [6.45, 2618.0], "4-38": [5.933333333333334, 2273.0], "4-39": [3.75, 1593.0], "4-40": [4.4, 1562.0], "4-41": [2.7333333333333334, 1012.0], "4-42": [5.15, 2487.0], "4-43": [5.366666666666666, 2068.0], "4-44": [5.383333333333334, 1692.0], "4-45": [3.1166666666666667, 1090.0], "4-46": [4.1, 1336.0], "4-47": [6.25, 2104.0], "4-48": [9.9, 3380.0], "4-49": [7.133333333333334, 2660.0], "4-50": [8.1, 2834.0], "4-51": [6.766666666666667, 3251.0], "4-52": [6.683333333333334, 2976.0], "4-53": [7.466666666666667, 3632.0], "4-54": [8.5, 3002.0], "4-55": [10.016666666666667, 3351.0], "4-56": [12.566666666666666, 6538.0], "4-57": [12.366666666666667, 6745.0], "4-58": [13.283333333333333, 6340.0], "4-59": [10.583333333333334, 5187.0], "4-60": [9.483333333333333, 4171.0], "4-61": [10.5, 5108.0], "4-62": [11.483333333333333, 5738.0], "4-63": [13.716666666666667, 6749.0], "4-64": [8.0, 3807.0], "4-65": [10.233333333333333, 4596.0], "4-66": [9.216666666666667, 4492.0], "4-67": [9.133333333333333, 3177.0], "4-68": [12.9, 6231.0], "4-69": [11.516666666666667, 5990.0], "4-70": [5.266666666666667, 1952.0]}