{"40-1": [11.533333333333333, 6293.0], "40-2": [11.233333333333333, 6200.0], "40-3": [12.15, 6267.0], "40-4": [5.666666666666667, 1946.0], "40-5": [4.35, 1367.0], "40-6": [3.7333333333333334, 1590.0], "40-7": [5.0, 1920.0], "40-8": [4.566666666666666, 1770.0], "40-9": [5.866666666666666, 2333.0], "40-10": [8.166666666666666, 3907.0], "40-11": [9.166666666666666, 3168.0], "40-12": [12.216666666666667, 6557.0], "40-13": [8.316666666666666, 4059.9999999999995], "40-14": [6.633333333333334, 2940.0], "40-15": [6.866666666666666, 2965.0], "40-16": [2.5833333333333335, 543.0], "40-17": [6.066666666666666, 2381.0], "40-18": [6.733333333333333, 2714.0], "40-19": [3.75, 1320.0], "40-20": [6.95, 2641.0], "40-21": [7.8, 2898.0], "40-22": [7.183333333333334, 2856.0], "40-23": [6.8, 2828.0], "40-24": [6.266666666666667, 2563.0], "40-25": [6.716666666666667, 3987.0], "40-26": [7.133333333333334, 2495.0], "40-27": [5.233333333333333, 2020.0], "40-28": [7.6, 3221.0], "40-29": [9.316666666666666, 6265.0], "40-30": [8.266666666666667, 4784.0], "40-31": [6.8, 4206.0], "40-32": [6.483333333333333, 3977.0], "40-33": [6.0, 3265.0], "40-34": [5.033333333333333, 2789.0], "40-35": [4.866666666666666, 2622.0], "40-36": [3.2666666666666666, 1675.0], "40-37": [2.9, 1378.0], "40-38": [2.3833333333333333, 1033.0], "40-39": [1.9, 647.0], "40-41": [1.6666666666666667, 521.0], "40-42": [2.3833333333333333, 906.0], "40-43": [2.05, 802.0], "40-44": [4.566666666666666, 1270.0], "40-45": [4.833333333333333, 1323.0], "40-46": [3.7666666666666666, 1040.0], "40-47": [6.7, 2459.0], "40-48": [7.2, 3314.0], "40-49": [4.516666666666667, 1715.0], "40-50": [4.716666666666667, 1733.0], "40-51": [9.833333333333334, 4566.0], "40-52": [8.533333333333333, 3599.0], "40-53": [9.366666666666667, 3027.0], "40-54": [6.85, 3342.0], "40-55": [6.216666666666667, 3228.0], "40-56": [11.166666666666666, 7198.0], "40-57": [11.333333333333334, 7510.0], "40-58": [10.883333333333333, 6139.0], "40-59": [8.866666666666667, 5417.0], "40-60": [7.75, 4561.0], "40-61": [11.066666666666666, 6257.0], "40-62": [8.45, 5089.0], "40-63": [10.4, 5850.0], "40-64": [9.833333333333334, 4430.0], "40-65": [11.35, 5745.0], "40-66": [12.333333333333334, 4848.0], "40-67": [11.4, 3800.0], "40-68": [11.816666666666666, 7003.0], "40-69": [9.183333333333334, 5804.0], "40-70": [7.883333333333334, 2776.0]}