{"41-1": [9.75, 5732.0], "41-2": [9.45, 5639.0], "41-3": [11.1, 5180.0], "41-4": [3.9, 1385.0], "41-5": [2.5833333333333335, 806.0], "41-6": [1.9666666666666666, 1029.0], "41-7": [3.2333333333333334, 1359.0], "41-8": [2.8, 1209.0], "41-9": [4.1, 1772.0], "41-10": [6.4, 3346.0], "41-11": [7.4, 2607.0], "41-12": [10.466666666666667, 5996.0], "41-13": [6.55, 3499.0], "41-14": [4.85, 2379.0], "41-15": [5.083333333333333, 2404.0], "41-16": [1.6333333333333333, 442.0], "41-17": [4.3, 1820.0], "41-18": [4.966666666666667, 2153.0], "41-19": [1.9833333333333334, 759.0], "41-20": [5.166666666666667, 2080.0], "41-21": [6.033333333333333, 2337.0], "41-22": [5.433333333333334, 2295.0], "41-23": [5.05, 2267.0], "41-24": [4.5, 2001.9999999999998], "41-25": [8.5, 4046.0000000000005], "41-26": [5.35, 1934.0], "41-27": [3.466666666666667, 1459.0], "41-28": [5.833333333333333, 2660.0], "41-29": [11.116666666666667, 6324.0], "41-30": [10.083333333333334, 4843.0], "41-31": [8.6, 4265.0], "41-32": [8.283333333333333, 4035.9999999999995], "41-33": [7.8, 3324.0], "41-34": [6.833333333333333, 2848.0], "41-35": [6.666666666666667, 2681.0], "41-36": [3.7666666666666666, 2371.0], "41-37": [3.6333333333333333, 1571.0], "41-38": [3.1, 1226.0], "41-39": [0.95, 546.0], "41-40": [1.5833333333333333, 515.0], "41-42": [2.8833333333333333, 1125.0], "41-43": [2.55, 1020.9999999999999], "41-44": [2.566666666666667, 875.0], "41-45": [3.066666666666667, 762.0], "41-46": [2.0166666666666666, 597.0], "41-47": [5.683333333333334, 2007.0000000000002], "41-48": [8.033333333333333, 2695.0], "41-49": [5.266666666666667, 1975.0], "41-50": [5.216666666666667, 1952.0], "41-51": [8.05, 4005.0], "41-52": [6.75, 3038.0], "41-53": [7.6, 2466.0], "41-54": [6.633333333333334, 2317.0], "41-55": [8.016666666666667, 3287.0], "41-56": [12.966666666666667, 7257.0], "41-57": [12.45, 6807.0], "41-58": [12.7, 6198.0], "41-59": [10.65, 5476.0], "41-60": [8.666666666666666, 3244.0], "41-61": [10.55, 5170.0], "41-62": [10.233333333333333, 5148.0], "41-63": [12.2, 5909.0], "41-64": [8.066666666666666, 3869.0], "41-65": [10.3, 4658.0], "41-66": [10.583333333333334, 4287.0], "41-67": [9.616666666666667, 3239.0], "41-68": [12.966666666666667, 6293.0], "41-69": [10.983333333333333, 5863.0], "41-70": [6.1, 2215.0]}