{"42-1": [11.9, 6936.0], "42-2": [11.6, 6843.0], "42-3": [10.683333333333334, 5565.0], "42-4": [6.483333333333333, 3032.0], "42-5": [4.883333333333334, 2419.0], "42-6": [4.1, 2233.0], "42-7": [5.366666666666666, 2563.0], "42-8": [4.933333333333334, 2413.0], "42-9": [6.216666666666667, 2976.0], "42-10": [8.216666666666667, 4550.0], "42-11": [6.15, 2931.0], "42-12": [12.583333333333334, 7200.0], "42-13": [8.366666666666667, 4703.0], "42-14": [6.516666666666667, 3075.0], "42-15": [6.75, 3100.0], "42-16": [2.4833333333333334, 1120.0], "42-17": [6.433333333333334, 3024.0], "42-18": [7.1, 3357.0], "42-19": [3.8, 1963.0], "42-20": [7.316666666666666, 3284.0], "42-21": [8.166666666666666, 3541.0], "42-22": [7.233333333333333, 3499.0], "42-23": [6.85, 3471.0], "42-24": [6.316666666666666, 3206.0], "42-25": [5.25, 3285.0], "42-26": [7.866666666666666, 3581.0], "42-27": [5.283333333333333, 2663.0], "42-28": [7.216666666666667, 3356.0], "42-29": [7.85, 5563.0], "42-30": [6.8, 4082.0], "42-31": [5.333333333333333, 3504.0], "42-32": [5.016666666666667, 3275.0], "42-33": [4.533333333333333, 2563.0], "42-34": [3.566666666666667, 2087.0], "42-35": [3.4, 1920.0], "42-36": [1.8, 973.0], "42-37": [1.4333333333333333, 676.0], "42-38": [0.9166666666666666, 331.0], "42-39": [2.0166666666666666, 1122.0], "42-40": [2.5, 1073.0], "42-41": [3.2, 1231.0], "42-43": [1.9166666666666667, 849.0], "42-44": [4.966666666666667, 1611.0], "42-45": [5.166666666666667, 1532.0], "42-46": [4.416666666666667, 1333.0], "42-47": [6.183333333333334, 2775.0], "42-48": [5.733333333333333, 2612.0], "42-49": [4.3, 2031.0000000000002], "42-50": [4.133333333333334, 2167.0], "42-51": [10.2, 5209.0], "42-52": [8.416666666666666, 3734.0], "42-53": [7.6, 3115.0], "42-54": [5.383333333333334, 2641.0], "42-55": [4.75, 2526.0], "42-56": [9.7, 6496.0], "42-57": [9.866666666666667, 6808.0], "42-58": [9.416666666666666, 5437.0], "42-59": [7.4, 4715.0], "42-60": [6.283333333333333, 3859.0], "42-61": [9.6, 5555.0], "42-62": [6.983333333333333, 4387.0], "42-63": [8.933333333333334, 5148.0], "42-64": [9.05, 4149.0], "42-65": [9.883333333333333, 5043.0], "42-66": [11.033333333333333, 4887.0], "42-67": [11.266666666666667, 3935.0], "42-68": [10.35, 6301.0], "42-69": [7.716666666666667, 5102.0], "42-70": [8.683333333333334, 3910.0]}