{"43-1": [12.066666666666666, 5685.0], "43-2": [11.766666666666667, 5592.0], "43-3": [10.75, 5409.0], "43-4": [6.683333333333334, 2267.0], "43-5": [5.1, 1688.0], "43-6": [4.566666666666666, 1911.0], "43-7": [5.95, 2241.0], "43-8": [5.516666666666667, 2091.0], "43-9": [6.85, 2654.0], "43-10": [10.45, 4591.0], "43-11": [6.716666666666667, 2361.0], "43-12": [12.75, 5949.0], "43-13": [10.633333333333333, 4744.0], "43-14": [4.933333333333334, 1933.0], "43-15": [5.15, 1958.0], "43-16": [3.183333333333333, 1192.0], "43-17": [6.9, 2702.0], "43-18": [7.566666666666666, 3035.0], "43-19": [4.55, 1641.0], "43-20": [7.666666666666667, 2962.0], "43-21": [8.583333333333334, 3219.0], "43-22": [8.133333333333333, 3151.0], "43-23": [7.6, 3123.0], "43-24": [6.95, 2858.0], "43-25": [5.316666666666666, 3129.0], "43-26": [7.1, 3048.0], "43-27": [6.05, 2341.0], "43-28": [5.683333333333334, 2214.0], "43-29": [7.916666666666667, 5407.0], "43-30": [6.85, 3926.0], "43-31": [5.4, 3348.0], "43-32": [5.083333333333333, 3119.0], "43-33": [4.616666666666666, 2407.0], "43-34": [3.65, 1931.0], "43-35": [3.5, 1764.0], "43-36": [2.3333333333333335, 1071.0], "43-37": [2.5, 1179.0], "43-38": [1.95, 834.0], "43-39": [2.7333333333333334, 1178.0], "43-40": [2.15, 827.0], "43-41": [2.4833333333333334, 842.0], "43-42": [1.9166666666666667, 812.0], "43-44": [2.8833333333333333, 849.0], "43-45": [3.2333333333333334, 770.0], "43-46": [2.466666666666667, 571.0], "43-47": [4.383333333333334, 1633.0], "43-48": [5.116666666666666, 1803.0], "43-49": [2.4, 889.0], "43-50": [2.5166666666666666, 907.0], "43-51": [9.75, 3542.0], "43-52": [6.816666666666666, 2592.0], "43-53": [6.716666666666667, 2289.0], "43-54": [5.933333333333334, 2070.0], "43-55": [4.816666666666666, 2370.0], "43-56": [9.766666666666667, 6340.0], "43-57": [9.933333333333334, 6652.0], "43-58": [9.483333333333333, 5281.0], "43-59": [7.466666666666667, 4559.0], "43-60": [6.35, 3703.0], "43-61": [9.666666666666666, 5399.0], "43-62": [7.05, 4231.0], "43-63": [9.0, 4992.0], "43-64": [8.15, 3423.0], "43-65": [9.95, 4887.0], "43-66": [10.683333333333334, 3841.0], "43-67": [9.666666666666666, 2793.0], "43-68": [10.433333333333334, 6145.0], "43-69": [7.8, 4946.0], "43-70": [8.316666666666666, 2876.0]}