{"44-1": [12.4, 6337.0], "44-2": [12.1, 6244.0], "44-3": [12.483333333333333, 4700.0], "44-4": [6.4, 2032.0], "44-5": [5.0, 1453.0], "44-6": [4.6, 1965.0], "44-7": [5.866666666666666, 2295.0], "44-8": [5.433333333333334, 2145.0], "44-9": [6.716666666666667, 2708.0], "44-10": [9.05, 4282.0], "44-11": [7.466666666666667, 2477.0], "44-12": [13.083333333333334, 6601.0], "44-13": [9.183333333333334, 4435.0], "44-14": [6.05, 1975.0], "44-15": [6.283333333333333, 2000.0], "44-16": [4.85, 1260.0], "44-17": [6.866666666666666, 2107.0], "44-18": [7.533333333333333, 2440.0], "44-19": [4.616666666666666, 1695.0], "44-20": [7.816666666666666, 3016.0], "44-21": [8.666666666666666, 3273.0], "44-22": [8.066666666666666, 3231.0], "44-23": [7.683333333333334, 3203.0], "44-24": [7.15, 2938.0], "44-25": [8.866666666666667, 2962.0], "44-26": [6.733333333333333, 2239.0], "44-27": [6.116666666666666, 2395.0], "44-28": [6.766666666666667, 2256.0], "44-29": [11.283333333333333, 6292.0], "44-30": [10.233333333333333, 4811.0], "44-31": [8.766666666666667, 4233.0], "44-32": [8.45, 4003.9999999999995], "44-33": [7.966666666666667, 3292.0], "44-34": [7.0, 2816.0], "44-35": [6.833333333333333, 2649.0], "44-36": [5.733333333333333, 1956.0], "44-37": [5.283333333333333, 1931.0], "44-38": [4.766666666666667, 1586.0], "44-39": [4.166666666666667, 1364.0], "44-40": [4.65, 1333.0], "44-41": [2.533333333333333, 896.0], "44-42": [4.733333333333333, 1564.0], "44-43": [3.3666666666666667, 861.0], "44-45": [2.7333333333333334, 632.0], "44-46": [1.9666666666666666, 433.0], "44-47": [5.75, 1877.0], "44-48": [8.083333333333334, 2565.0], "44-49": [5.316666666666666, 1845.0], "44-50": [6.033333333333333, 1792.0], "44-51": [10.883333333333333, 3584.0], "44-52": [8.1, 2558.0], "44-53": [7.666666666666667, 2336.0], "44-54": [6.7, 2186.0], "44-55": [8.216666666666667, 2536.0], "44-56": [13.3, 6160.0], "44-57": [13.116666666666667, 6367.0], "44-58": [12.866666666666667, 6166.0], "44-59": [10.266666666666667, 3932.0], "44-60": [8.716666666666667, 3114.0], "44-61": [11.2, 4730.0], "44-62": [10.266666666666667, 3965.0], "44-63": [12.366666666666667, 5877.0], "44-64": [9.433333333333334, 3389.0], "44-65": [11.666666666666666, 4178.0], "44-66": [11.416666666666666, 4127.0], "44-67": [10.833333333333334, 2835.0], "44-68": [13.666666666666666, 5598.0], "44-69": [10.583333333333334, 4319.0], "44-70": [7.483333333333333, 2520.0]}