{"45-1": [9.683333333333334, 5677.0], "45-2": [9.383333333333333, 5584.0], "45-3": [10.266666666666667, 4325.0], "45-4": [3.816666666666667, 1419.0], "45-5": [2.4166666666666665, 840.0], "45-6": [3.1166666666666667, 996.0], "45-7": [4.666666666666667, 1741.0], "45-8": [4.233333333333333, 1591.0], "45-9": [5.533333333333333, 2154.0], "45-10": [7.833333333333333, 3728.0], "45-11": [7.366666666666666, 2616.0], "45-12": [10.416666666666666, 5941.0], "45-13": [7.983333333333333, 3881.0], "45-14": [4.033333333333333, 1524.0], "45-15": [4.266666666666667, 1549.0], "45-16": [4.783333333333333, 1155.0], "45-17": [4.85, 1656.0], "45-18": [5.516666666666667, 1989.0], "45-19": [3.4166666666666665, 1141.0], "45-20": [5.416666666666667, 2025.0], "45-21": [6.283333333333333, 2282.0], "45-22": [6.85, 2677.0], "45-23": [6.466666666666667, 2649.0], "45-24": [5.933333333333334, 2384.0], "45-25": [8.766666666666667, 3101.0], "45-26": [4.7, 1788.0], "45-27": [4.9, 1841.0], "45-28": [4.75, 1805.0], "45-29": [11.216666666666667, 6187.0], "45-30": [10.183333333333334, 4706.0], "45-31": [8.7, 4128.0], "45-32": [8.383333333333333, 3899.0], "45-33": [7.9, 3187.0], "45-34": [6.933333333333334, 2711.0], "45-35": [6.766666666666667, 2544.0], "45-36": [5.666666666666667, 1851.0], "45-37": [5.216666666666667, 1826.0], "45-38": [4.7, 1481.0], "45-39": [4.1, 1259.0], "45-40": [4.583333333333333, 1228.0], "45-41": [2.466666666666667, 791.0], "45-42": [4.666666666666667, 1459.0], "45-43": [3.3, 756.0], "45-44": [2.683333333333333, 606.0], "45-46": [1.4, 250.0], "45-47": [3.5833333333333335, 1224.0], "45-48": [8.0, 2704.0], "45-49": [5.233333333333333, 1984.0], "45-50": [5.966666666666667, 1687.0], "45-51": [7.983333333333333, 3950.0], "45-52": [5.933333333333334, 2183.0], "45-53": [5.933333333333334, 1880.0], "45-54": [6.6, 2326.0], "45-55": [8.116666666666667, 2675.0], "45-56": [11.783333333333333, 5745.0], "45-57": [11.6, 5952.0], "45-58": [12.5, 5547.0], "45-59": [9.816666666666666, 4394.0], "45-60": [9.0, 2795.0], "45-61": [9.733333333333333, 4315.0], "45-62": [10.2, 4104.0], "45-63": [12.3, 5772.0], "45-64": [7.25, 3014.0], "45-65": [9.466666666666667, 3803.0], "45-66": [9.783333333333333, 3432.0], "45-67": [8.783333333333333, 2384.0], "45-68": [12.133333333333333, 5438.0], "45-69": [10.75, 5197.0], "45-70": [5.45, 2069.0]}