{"46-1": [11.1, 5994.0], "46-2": [10.8, 5901.0], "46-3": [11.15, 4357.0], "46-4": [5.1, 1689.0], "46-5": [3.7, 1110.0], "46-6": [3.4, 1700.0], "46-7": [4.666666666666667, 2029.9999999999998], "46-8": [4.233333333333333, 1880.0], "46-9": [5.533333333333333, 2443.0], "46-10": [7.833333333333333, 4017.0000000000005], "46-11": [6.15, 2134.0], "46-12": [11.833333333333334, 6258.0], "46-13": [7.983333333333333, 4170.0], "46-14": [4.75, 1632.0], "46-15": [4.983333333333333, 1657.0], "46-16": [3.65, 995.0], "46-17": [5.566666666666666, 1764.0], "46-18": [6.233333333333333, 2097.0], "46-19": [3.4166666666666665, 1430.0], "46-20": [6.833333333333333, 2342.0], "46-21": [7.683333333333334, 2599.0], "46-22": [6.85, 2966.0], "46-23": [6.466666666666667, 2938.0], "46-24": [5.933333333333334, 2673.0], "46-25": [7.55, 2619.0], "46-26": [5.433333333333334, 1896.0], "46-27": [4.9, 2130.0], "46-28": [5.466666666666667, 1913.0], "46-29": [10.25, 6176.0], "46-30": [9.2, 4695.0], "46-31": [7.733333333333333, 4117.0], "46-32": [7.416666666666667, 3888.0], "46-33": [6.933333333333334, 3176.0], "46-34": [5.966666666666667, 2700.0], "46-35": [5.8, 2533.0], "46-36": [4.7, 1840.0], "46-37": [4.083333333333333, 1666.0], "46-38": [3.566666666666667, 1321.0], "46-39": [2.966666666666667, 1099.0], "46-40": [3.45, 1068.0], "46-41": [1.3333333333333333, 631.0], "46-42": [3.533333333333333, 1299.0], "46-43": [2.1666666666666665, 596.0], "46-44": [1.55, 446.0], "46-45": [1.4333333333333333, 289.0], "46-47": [4.433333333333334, 1534.0], "46-48": [6.783333333333333, 2222.0], "46-49": [4.016666666666667, 1502.0], "46-50": [4.983333333333333, 1676.0], "46-51": [9.583333333333334, 3241.0], "46-52": [6.65, 2291.0], "46-53": [6.333333333333333, 1993.0], "46-54": [5.383333333333334, 1844.0], "46-55": [6.916666666666667, 2193.0], "46-56": [11.966666666666667, 5817.0], "46-57": [11.783333333333333, 6024.0], "46-58": [11.866666666666667, 5031.0], "46-59": [8.933333333333334, 3589.0], "46-60": [7.416666666666667, 2771.0], "46-61": [9.9, 4387.0], "46-62": [8.966666666666667, 3622.0], "46-63": [11.383333333333333, 4742.0], "46-64": [8.133333333333333, 3046.0], "46-65": [10.35, 3835.0], "46-66": [10.116666666666667, 3784.0], "46-67": [9.533333333333333, 2492.0], "46-68": [12.316666666666666, 5255.0], "46-69": [9.25, 3976.0], "46-70": [6.166666666666667, 2177.0]}