{"47-1": [8.716666666666667, 4434.0], "47-2": [8.416666666666666, 4341.0], "47-3": [7.333333333333333, 3082.0], "47-4": [5.033333333333333, 2334.0], "47-5": [4.4, 2081.0], "47-6": [5.75, 2603.0], "47-7": [4.833333333333333, 2247.0], "47-8": [4.4, 2097.0], "47-9": [5.683333333333334, 2660.0], "47-10": [8.9, 4394.0], "47-11": [4.9, 1528.0], "47-12": [9.45, 4698.0], "47-13": [9.05, 4547.0], "47-14": [2.1666666666666665, 1204.0], "47-15": [2.4, 1229.0], "47-16": [7.233333333333333, 2271.0], "47-17": [5.016666666666667, 2262.0], "47-18": [5.683333333333334, 2595.0], "47-19": [5.733333333333333, 2419.0], "47-20": [6.133333333333334, 2765.0], "47-21": [6.983333333333333, 3022.0], "47-22": [7.6, 3606.0], "47-23": [7.216666666666667, 3578.0], "47-24": [6.683333333333334, 3313.0], "47-25": [6.283333333333333, 2013.0], "47-26": [4.416666666666667, 2319.0], "47-27": [6.2, 2921.0], "47-28": [2.8833333333333333, 1485.0], "47-29": [8.65, 5062.0], "47-30": [7.6, 3581.0], "47-31": [6.133333333333334, 3003.0], "47-32": [5.816666666666666, 2774.0], "47-33": [6.05, 2313.0], "47-34": [5.083333333333333, 1837.0], "47-35": [4.916666666666667, 1670.0], "47-36": [5.35, 2001.9999999999998], "47-37": [5.95, 2303.0], "47-38": [6.35, 2567.0], "47-39": [6.55, 2375.0], "47-40": [6.533333333333333, 2522.0], "47-41": [4.9, 1907.0], "47-42": [6.316666666666666, 2507.0], "47-43": [4.95, 1804.0], "47-44": [5.133333333333334, 1722.0], "47-45": [3.183333333333333, 1297.0], "47-46": [3.85, 1366.0], "47-48": [4.066666666666666, 1376.0], "47-49": [2.2666666666666666, 851.0], "47-50": [4.283333333333333, 1221.0], "47-51": [6.083333333333333, 2144.0], "47-52": [2.9833333333333334, 940.0], "47-53": [2.5, 718.0], "47-54": [4.116666666666666, 1238.0], "47-55": [5.133333333333334, 1534.0], "47-56": [8.85, 4502.0], "47-57": [8.666666666666666, 4709.0], "47-58": [9.566666666666666, 4304.0], "47-59": [6.883333333333334, 3151.0], "47-60": [5.616666666666666, 1633.0], "47-61": [6.783333333333333, 3072.0], "47-62": [7.7, 3016.0], "47-63": [10.0, 4713.0], "47-64": [4.35, 1771.0], "47-65": [6.533333333333333, 2560.0], "47-66": [6.383333333333334, 2509.0], "47-67": [6.066666666666666, 1862.0], "47-68": [9.166666666666666, 4195.0], "47-69": [7.8, 3954.0], "47-70": [5.533333333333333, 2147.0]}