{"48-1": [11.916666666666666, 4872.0], "48-2": [11.616666666666667, 4779.0], "48-3": [9.816666666666666, 3334.0], "48-4": [10.65, 4045.0], "48-5": [10.566666666666666, 3227.0], "48-6": [9.966666666666667, 3450.0], "48-7": [9.566666666666666, 3625.0], "48-8": [9.133333333333333, 3475.0], "48-9": [10.4, 4038.0000000000005], "48-10": [14.033333333333333, 5726.0], "48-11": [4.616666666666666, 991.0], "48-12": [12.616666666666667, 5136.0], "48-13": [14.183333333333334, 5879.0], "48-14": [8.35, 2725.0], "48-15": [8.583333333333334, 2750.0], "48-16": [7.45, 3510.0], "48-17": [9.75, 3640.0], "48-18": [10.416666666666666, 3973.0], "48-19": [9.983333333333333, 3180.0], "48-20": [11.2, 4097.0], "48-21": [12.016666666666667, 4354.0], "48-22": [13.466666666666667, 4716.0], "48-23": [13.083333333333334, 4688.0], "48-24": [12.533333333333333, 4423.0], "48-25": [6.0, 1225.0], "48-26": [9.516666666666667, 3651.0], "48-27": [11.516666666666667, 3880.0], "48-28": [7.6, 2863.0], "48-29": [7.383333333333334, 4114.0], "48-30": [6.316666666666666, 2633.0], "48-31": [4.866666666666666, 2055.0], "48-32": [4.55, 1826.0], "48-33": [4.933333333333334, 1933.0], "48-34": [3.966666666666667, 1457.0], "48-35": [3.8, 1290.0], "48-36": [4.35, 1805.0], "48-37": [4.933333333333334, 2106.0], "48-38": [5.35, 2370.0], "48-39": [6.983333333333333, 3512.0], "48-40": [7.0, 3235.0], "48-41": [7.5, 3460.0], "48-42": [5.616666666666666, 2560.0], "48-43": [6.95, 1953.0], "48-44": [10.066666666666666, 2645.0], "48-45": [8.683333333333334, 2362.0], "48-46": [8.766666666666667, 2289.0], "48-47": [4.683333333333334, 1377.0], "48-49": [3.683333333333333, 1105.0], "48-50": [4.333333333333333, 1112.0], "48-51": [9.283333333333333, 3081.0], "48-52": [7.2, 1899.0], "48-53": [6.066666666666666, 1175.0], "48-54": [3.8666666666666667, 700.0], "48-55": [3.8666666666666667, 586.0], "48-56": [9.233333333333333, 5047.0], "48-57": [9.4, 5359.0], "48-58": [8.95, 3988.0], "48-59": [7.416666666666667, 2446.0], "48-60": [6.666666666666667, 1522.0], "48-61": [9.7, 3510.0], "48-62": [6.516666666666667, 2938.0], "48-63": [8.466666666666667, 3699.0], "48-64": [7.533333333333333, 2209.0], "48-65": [9.45, 2998.0], "48-66": [9.516666666666667, 2947.0], "48-67": [10.3, 2821.0], "48-68": [9.883333333333333, 4852.0], "48-69": [7.733333333333333, 2833.0], "48-70": [10.316666666666666, 3479.0]}