{"49-1": [10.516666666666667, 5009.0], "49-2": [10.216666666666667, 4916.0], "49-3": [9.15, 3657.0], "49-4": [7.35, 3128.0], "49-5": [6.033333333333333, 2549.0], "49-6": [5.466666666666667, 2772.0], "49-7": [6.733333333333333, 3102.0], "49-8": [6.3, 2952.0], "49-9": [7.583333333333333, 3515.0], "49-10": [9.916666666666666, 5089.0], "49-11": [4.566666666666666, 1434.0], "49-12": [11.216666666666667, 5273.0], "49-13": [10.066666666666666, 5242.0], "49-14": [4.633333333333334, 2001.0], "49-15": [4.866666666666666, 2025.9999999999998], "49-16": [6.0, 2032.0], "49-17": [7.483333333333333, 3059.0], "49-18": [8.15, 3392.0], "49-19": [5.483333333333333, 2502.0], "49-20": [8.566666666666666, 3562.0], "49-21": [9.45, 3819.0], "49-22": [8.933333333333334, 4038.0000000000005], "49-23": [8.55, 4010.0], "49-24": [8.016666666666667, 3745.0], "49-25": [5.95, 1919.0], "49-26": [6.9, 3116.0], "49-27": [6.983333333333333, 3202.0], "49-28": [5.35, 2282.0], "49-29": [7.65, 4773.0], "49-30": [6.583333333333333, 3292.0], "49-31": [5.133333333333334, 2714.0], "49-32": [4.816666666666666, 2485.0], "49-33": [4.816666666666666, 2097.0], "49-34": [3.85, 1621.0], "49-35": [3.683333333333333, 1454.0], "49-36": [3.1166666666666667, 1163.0], "49-37": [3.7, 1464.0], "49-38": [4.116666666666666, 1728.0], "49-39": [5.466666666666667, 2033.9999999999998], "49-40": [4.733333333333333, 1683.0], "49-41": [5.166666666666667, 1698.0], "49-42": [4.383333333333334, 1918.0], "49-43": [3.15, 965.0], "49-44": [4.966666666666667, 1403.0], "49-45": [4.133333333333334, 1684.0], "49-46": [4.233333333333333, 1611.0], "49-47": [2.433333333333333, 834.0], "49-48": [3.066666666666667, 1087.0], "49-50": [2.3666666666666667, 825.0], "49-51": [7.883333333333334, 2719.0], "49-52": [4.783333333333333, 1515.0], "49-53": [4.333333333333333, 1293.0], "49-54": [3.8, 1144.0], "49-55": [4.133333333333334, 1245.0], "49-56": [9.5, 5706.0], "49-57": [9.666666666666666, 6018.0], "49-58": [9.183333333333334, 4647.0], "49-59": [7.35, 2889.0], "49-60": [6.616666666666666, 1965.0], "49-61": [8.616666666666667, 3647.0], "49-62": [6.783333333333333, 3597.0], "49-63": [8.733333333333333, 4358.0], "49-64": [6.133333333333334, 2346.0], "49-65": [8.35, 3135.0], "49-66": [8.133333333333333, 3084.0], "49-67": [7.866666666666666, 2437.0], "49-68": [10.733333333333333, 4555.0], "49-69": [7.666666666666667, 3276.0], "49-70": [8.016666666666667, 2944.0]}