{"5-1": [8.833333333333334, 5107.0], "5-2": [8.533333333333333, 5014.0], "5-3": [10.066666666666666, 4644.0], "5-4": [2.966666666666667, 849.0], "5-6": [0.7333333333333333, 168.0], "5-7": [4.033333333333333, 1682.0], "5-8": [3.6, 1532.0], "5-9": [4.9, 2095.0], "5-10": [7.333333333333333, 3084.0], "5-11": [8.333333333333334, 3008.0], "5-12": [9.566666666666666, 5371.0], "5-13": [7.466666666666667, 3237.0], "5-14": [3.8333333333333335, 1843.0], "5-15": [4.066666666666666, 1868.0], "5-16": [3.5, 1205.0], "5-17": [4.6, 1266.0], "5-18": [5.266666666666667, 1599.0], "5-19": [2.783333333333333, 1082.0], "5-20": [4.566666666666666, 1455.0], "5-21": [5.433333333333334, 1712.0], "5-22": [6.216666666666667, 2618.0], "5-23": [5.833333333333333, 2590.0], "5-24": [5.3, 2325.0], "5-25": [9.233333333333333, 4371.0], "5-26": [4.333333333333333, 1398.0], "5-27": [4.266666666666667, 1782.0], "5-28": [4.816666666666666, 2124.0], "5-29": [12.433333333333334, 7050.0], "5-30": [11.4, 5569.0], "5-31": [9.916666666666666, 4991.0], "5-32": [9.6, 4762.0], "5-33": [9.116666666666667, 4050.0], "5-34": [8.15, 3574.0], "5-35": [7.983333333333333, 3407.0], "5-36": [5.883333333333334, 2631.0], "5-37": [5.516666666666667, 2334.0], "5-38": [5.0, 1989.0], "5-39": [2.816666666666667, 1309.0], "5-40": [3.466666666666667, 1278.0], "5-41": [1.8, 728.0], "5-42": [4.783333333333333, 1888.0], "5-43": [4.433333333333334, 1784.0], "5-44": [4.466666666666667, 1408.0], "5-45": [2.183333333333333, 806.0], "5-46": [3.183333333333333, 1052.0], "5-47": [5.1, 1978.0], "5-48": [8.966666666666667, 3096.0], "5-49": [6.2, 2376.0], "5-50": [7.166666666666667, 2550.0], "5-51": [7.116666666666666, 3380.0], "5-52": [5.733333333333333, 2502.0], "5-53": [7.833333333333333, 2644.0], "5-54": [7.566666666666666, 2717.0], "5-55": [9.083333333333334, 3067.0], "5-56": [11.6, 6064.0], "5-57": [11.416666666666666, 6271.0], "5-58": [12.316666666666666, 5866.0], "5-59": [9.616666666666667, 4713.0], "5-60": [8.516666666666667, 3697.0], "5-61": [9.533333333333333, 4634.0], "5-62": [10.516666666666667, 5264.0], "5-63": [12.75, 6275.0], "5-64": [7.05, 3333.0], "5-65": [9.266666666666667, 4122.0], "5-66": [9.6, 3751.0], "5-67": [8.583333333333334, 2703.0], "5-68": [11.933333333333334, 5757.0], "5-69": [10.55, 5516.0], "5-70": [5.083333333333333, 1679.0]}