{"50-1": [10.75, 5004.0], "50-2": [10.45, 4911.0], "50-3": [9.366666666666667, 3652.0], "50-4": [7.466666666666667, 3179.0], "50-5": [6.15, 2600.0], "50-6": [5.583333333333333, 2823.0], "50-7": [6.85, 3153.0], "50-8": [6.416666666666667, 3003.0], "50-9": [7.7, 3566.0], "50-10": [10.033333333333333, 5140.0], "50-11": [4.8, 1429.0], "50-12": [11.45, 5268.0], "50-13": [10.183333333333334, 5293.0], "50-14": [4.75, 2052.0], "50-15": [4.983333333333333, 2077.0], "50-16": [6.116666666666666, 2083.0], "50-17": [7.6, 3110.0], "50-18": [8.266666666666667, 3443.0], "50-19": [5.6, 2553.0], "50-20": [8.716666666666667, 3613.0], "50-21": [9.533333333333333, 3870.0], "50-22": [9.05, 4089.0000000000005], "50-23": [8.666666666666666, 4061.0], "50-24": [8.133333333333333, 3796.0], "50-25": [4.466666666666667, 2191.0], "50-26": [7.0, 3167.0], "50-27": [7.1, 3253.0], "50-28": [5.466666666666667, 2333.0], "50-29": [7.066666666666666, 4469.0], "50-30": [6.0, 2988.0], "50-31": [4.55, 2410.0], "50-32": [4.233333333333333, 2181.0], "50-33": [3.6666666666666665, 1469.0], "50-34": [2.7, 993.0], "50-35": [2.533333333333333, 826.0], "50-36": [3.2333333333333334, 1214.0], "50-37": [3.816666666666667, 1515.0], "50-38": [4.233333333333333, 1779.0], "50-39": [5.583333333333333, 2085.0], "50-40": [4.85, 1734.0], "50-41": [5.25, 1749.0], "50-42": [4.5, 1969.0], "50-43": [3.2666666666666666, 1016.0], "50-44": [5.083333333333333, 1454.0], "50-45": [4.25, 1735.0], "50-46": [4.35, 1662.0], "50-47": [2.6666666666666665, 829.0], "50-48": [2.8833333333333333, 876.0], "50-49": [1.6666666666666667, 557.0], "50-51": [8.116666666666667, 2714.0], "50-52": [5.016666666666667, 1510.0], "50-53": [4.566666666666666, 1288.0], "50-54": [4.033333333333333, 1139.0], "50-55": [3.966666666666667, 1432.0], "50-56": [8.916666666666666, 5402.0], "50-57": [9.083333333333334, 5714.0], "50-58": [8.616666666666667, 4343.0], "50-59": [6.616666666666666, 3621.0], "50-60": [5.5, 2765.0], "50-61": [7.966666666666667, 4419.0], "50-62": [6.2, 3293.0], "50-63": [8.15, 4054.0000000000005], "50-64": [6.366666666666666, 2341.0], "50-65": [8.583333333333334, 3130.0], "50-66": [8.366666666666667, 3079.0], "50-67": [8.1, 2432.0], "50-68": [9.566666666666666, 5207.0], "50-69": [6.933333333333334, 4008.0], "50-70": [8.133333333333333, 2995.0]}