{"51-1": [4.033333333333333, 2337.0], "51-2": [3.75, 2244.0], "51-3": [4.983333333333333, 2119.0], "51-4": [6.233333333333333, 3854.0], "51-5": [6.65, 3963.0], "51-6": [6.416666666666667, 3886.0], "51-7": [5.683333333333334, 3915.0], "51-8": [5.25, 3765.0], "51-9": [6.4, 3964.0], "51-10": [7.566666666666666, 5330.0], "51-11": [6.916666666666667, 2870.0], "51-12": [4.816666666666666, 2601.0], "51-13": [7.716666666666667, 5483.0], "51-14": [4.383333333333334, 2063.0], "51-15": [4.616666666666666, 2088.0], "51-16": [8.666666666666666, 5096.0], "51-17": [5.966666666666667, 3930.0], "51-18": [6.633333333333334, 4263.0], "51-19": [6.816666666666666, 4537.0], "51-20": [4.8, 3701.0], "51-21": [5.666666666666667, 3958.0], "51-22": [8.45, 5274.0], "51-23": [8.066666666666666, 5246.0], "51-24": [7.533333333333333, 4981.0], "51-25": [7.383333333333334, 3516.0], "51-26": [3.45, 1595.0], "51-27": [7.05, 4589.0], "51-28": [5.833333333333333, 2768.0], "51-29": [10.0, 6212.0], "51-30": [10.366666666666667, 5170.0], "51-31": [8.9, 4592.0], "51-32": [8.583333333333334, 4363.0], "51-33": [9.166666666666666, 4542.0], "51-34": [8.55, 3800.0], "51-35": [8.383333333333333, 3633.0], "51-36": [8.933333333333334, 4148.0], "51-37": [9.516666666666667, 4449.0], "51-38": [9.933333333333334, 4713.0], "51-39": [8.2, 5098.0], "51-40": [9.216666666666667, 5323.0], "51-41": [7.533333333333333, 4773.0], "51-42": [9.216666666666667, 5847.0], "51-43": [8.983333333333333, 3601.0], "51-44": [9.416666666666666, 3519.0], "51-45": [7.466666666666667, 3094.0], "51-46": [8.133333333333333, 3163.0], "51-47": [6.333333333333333, 2085.0], "51-48": [7.566666666666666, 2958.0], "51-49": [7.383333333333334, 3428.0], "51-50": [8.933333333333334, 3774.0], "51-52": [3.316666666666667, 1149.0], "51-53": [5.05, 2303.0], "51-54": [6.15, 2580.0], "51-55": [7.683333333333334, 2929.0], "51-56": [9.2, 5289.0], "51-57": [9.016666666666667, 5496.0], "51-58": [9.916666666666666, 5091.0], "51-59": [7.75, 3858.0], "51-60": [6.633333333333334, 2842.0], "51-61": [6.583333333333333, 3590.0], "51-62": [8.65, 4409.0], "51-63": [10.333333333333334, 5500.0], "51-64": [3.4833333333333334, 1627.0], "51-65": [5.733333333333333, 2478.0], "51-66": [3.5166666666666666, 1037.0], "51-67": [4.3, 1020.9999999999999], "51-68": [9.533333333333333, 4982.0], "51-69": [8.15, 4741.0], "51-70": [3.4166666666666665, 1550.0]}