{"52-1": [6.45, 3508.0], "52-2": [6.166666666666667, 3415.0], "52-3": [5.916666666666667, 2160.0], "52-4": [4.816666666666666, 2493.0], "52-5": [5.483333333333333, 2474.0], "52-6": [6.15, 2889.0], "52-7": [5.416666666666667, 2918.0], "52-8": [4.983333333333333, 2768.0], "52-9": [6.783333333333333, 2967.0], "52-10": [7.95, 4333.0], "52-11": [4.833333333333333, 1755.0], "52-12": [7.216666666666667, 3772.0], "52-13": [8.1, 4486.0], "52-14": [2.5166666666666666, 1173.0], "52-15": [2.75, 1198.0], "52-16": [8.233333333333333, 3524.0], "52-17": [5.7, 2933.0], "52-18": [6.366666666666666, 3266.0], "52-19": [6.55, 3540.0], "52-20": [5.183333333333334, 2704.0], "52-21": [6.05, 2961.0], "52-22": [8.183333333333334, 4277.0], "52-23": [7.8, 4249.0], "52-24": [7.266666666666667, 3984.0], "52-25": [5.7, 2401.0], "52-26": [3.466666666666667, 2258.0], "52-27": [6.783333333333333, 3592.0], "52-28": [3.966666666666667, 1878.0], "52-29": [8.85, 5017.0], "52-30": [8.683333333333334, 4054.9999999999995], "52-31": [7.216666666666667, 3477.0], "52-32": [6.9, 3248.0], "52-33": [7.433333333333334, 3161.0], "52-34": [6.466666666666667, 2685.0], "52-35": [6.3, 2518.0], "52-36": [6.85, 3033.0], "52-37": [7.433333333333334, 3334.0], "52-38": [7.85, 3598.0], "52-39": [8.333333333333334, 3823.0], "52-40": [8.216666666666667, 3597.0], "52-41": [7.083333333333333, 3244.0], "52-42": [8.116666666666667, 3788.0], "52-43": [7.166666666666667, 2711.0], "52-44": [8.2, 2550.0], "52-45": [5.6, 2204.0], "52-46": [6.916666666666667, 2194.0], "52-47": [3.2, 959.0], "52-48": [5.5, 1843.0], "52-49": [4.683333333333334, 1517.0], "52-50": [6.7, 1887.0], "52-51": [3.3, 1220.0], "52-53": [2.966666666666667, 1188.0], "52-54": [4.066666666666666, 1465.0], "52-55": [5.616666666666666, 1814.0], "52-56": [8.033333333333333, 4094.0000000000005], "52-57": [7.85, 4301.0], "52-58": [8.733333333333333, 3896.0], "52-59": [6.066666666666666, 2743.0], "52-60": [4.95, 1727.0], "52-61": [5.966666666666667, 2664.0], "52-62": [6.966666666666667, 3294.0], "52-63": [9.183333333333334, 4305.0], "52-64": [2.55, 845.0], "52-65": [4.783333333333333, 1696.0], "52-66": [4.666666666666667, 1492.0], "52-67": [3.283333333333333, 938.0], "52-68": [8.35, 3787.0], "52-69": [6.983333333333333, 3546.0], "52-70": [3.9166666666666665, 1652.0]}