{"53-1": [9.683333333333334, 4222.0], "53-2": [9.383333333333333, 4129.0], "53-3": [7.983333333333333, 2870.0], "53-4": [7.25, 3121.0], "53-5": [7.45, 2686.0], "53-6": [8.6, 3141.0], "53-7": [7.833333333333333, 3546.0], "53-8": [7.4, 3396.0], "53-9": [9.183333333333334, 3595.0], "53-10": [10.383333333333333, 4961.0], "53-11": [4.283333333333333, 1048.0], "53-12": [10.416666666666666, 4486.0], "53-13": [10.533333333333333, 5114.0], "53-14": [4.95, 1801.0], "53-15": [5.183333333333334, 1826.0], "53-16": [10.766666666666667, 2885.0], "53-17": [8.116666666666667, 3561.0], "53-18": [8.8, 3894.0], "53-19": [8.616666666666667, 2871.0], "53-20": [7.616666666666666, 3332.0], "53-21": [8.466666666666667, 3589.0], "53-22": [10.616666666666667, 4905.0], "53-23": [10.233333333333333, 4877.0], "53-24": [9.683333333333334, 4612.0], "53-25": [5.666666666666667, 1533.0], "53-26": [5.883333333333334, 2886.0], "53-27": [9.2, 4220.0], "53-28": [5.866666666666666, 2090.0], "53-29": [9.333333333333334, 4635.0], "53-30": [8.283333333333333, 3154.0], "53-31": [6.816666666666666, 2576.0], "53-32": [6.5, 2347.0], "53-33": [6.883333333333334, 2454.0], "53-34": [5.916666666666667, 1978.0], "53-35": [5.75, 1811.0], "53-36": [6.3, 2326.0], "53-37": [6.883333333333334, 2627.0], "53-38": [7.3, 2891.0], "53-39": [9.566666666666666, 3415.0], "53-40": [10.566666666666666, 2958.0], "53-41": [8.4, 2521.0], "53-42": [7.566666666666666, 3081.0], "53-43": [7.933333333333334, 2409.0], "53-44": [8.683333333333334, 2336.0], "53-45": [6.166666666666667, 1902.0], "53-46": [7.4, 1980.0], "53-47": [3.4, 745.0], "53-48": [4.95, 1136.0], "53-49": [5.15, 1303.0], "53-50": [6.283333333333333, 1952.0], "53-51": [6.733333333333333, 2338.0], "53-52": [3.6333333333333333, 1134.0], "53-54": [3.5166666666666666, 757.0], "53-55": [5.066666666666666, 1107.0], "53-56": [9.5, 4290.0], "53-57": [9.316666666666666, 4497.0], "53-58": [9.983333333333333, 3945.0], "53-59": [7.05, 2503.0], "53-60": [5.033333333333333, 1153.0], "53-61": [7.433333333333334, 2860.0], "53-62": [7.1, 2536.0], "53-63": [9.516666666666667, 3656.0], "53-64": [5.3, 1559.0], "53-65": [7.183333333333334, 2348.0], "53-66": [7.3, 2297.0], "53-67": [6.716666666666667, 2056.0], "53-68": [9.833333333333334, 3983.0], "53-69": [7.383333333333334, 2890.0], "53-70": [6.666666666666667, 2714.0]}