{"54-1": [8.566666666666666, 3783.0], "54-2": [8.266666666666667, 3690.0], "54-3": [6.233333333333333, 2682.0], "54-4": [9.033333333333333, 4329.0], "54-5": [10.6, 4802.0], "54-6": [10.816666666666666, 3820.0], "54-7": [9.616666666666667, 4754.0], "54-8": [9.183333333333334, 4604.0], "54-9": [10.983333333333333, 4803.0], "54-10": [12.2, 6169.0], "54-11": [1.05, 341.0], "54-12": [9.3, 4046.9999999999995], "54-13": [12.35, 6322.0], "54-14": [6.733333333333333, 3009.0], "54-15": [6.966666666666667, 3034.0], "54-16": [9.716666666666667, 3937.0], "54-17": [9.9, 4769.0], "54-18": [10.566666666666666, 5102.0], "54-19": [10.833333333333334, 3550.0], "54-20": [9.383333333333333, 4540.0], "54-21": [10.233333333333333, 4797.0], "54-22": [12.383333333333333, 6113.0], "54-23": [12.0, 6085.0], "54-24": [11.45, 5820.0], "54-25": [2.433333333333333, 826.0], "54-26": [7.7, 4094.0000000000005], "54-27": [12.333333333333334, 4250.0], "54-28": [8.183333333333334, 3714.0], "54-29": [6.283333333333333, 3911.0], "54-30": [5.45, 2480.0], "54-31": [4.0, 1902.0], "54-32": [3.7, 1671.0], "54-33": [4.283333333333333, 1850.0], "54-34": [4.55, 2119.0], "54-35": [6.05, 1717.0], "54-36": [6.6, 2232.0], "54-37": [7.183333333333334, 2533.0], "54-38": [7.616666666666666, 2797.0], "54-39": [9.25, 3939.0], "54-40": [9.266666666666667, 3662.0], "54-41": [9.766666666666667, 3887.0], "54-42": [7.883333333333334, 2987.0], "54-43": [8.7, 2945.0], "54-44": [10.466666666666667, 3383.0], "54-45": [9.5, 2732.0], "54-46": [9.6, 2659.0], "54-47": [7.55, 1966.0], "54-48": [5.366666666666666, 1042.0], "54-49": [5.883333333333334, 1707.0], "54-50": [6.583333333333333, 1858.0], "54-51": [7.166666666666667, 3524.0], "54-52": [5.4, 2342.0], "54-53": [6.916666666666667, 1545.0], "54-55": [3.283333333333333, 650.0], "54-56": [6.85, 4024.0], "54-57": [6.666666666666667, 4231.0], "54-58": [6.683333333333334, 3236.0], "54-59": [3.816666666666667, 1796.0], "54-60": [3.1333333333333333, 872.0], "54-61": [4.783333333333333, 2594.0], "54-62": [3.85, 1829.0], "54-63": [6.266666666666667, 2949.0], "54-64": [5.416666666666667, 2652.0], "54-65": [5.433333333333334, 2162.0], "54-66": [7.583333333333333, 2825.0], "54-67": [8.483333333333333, 3264.0], "54-68": [7.2, 3462.0], "54-69": [4.133333333333334, 2183.0], "54-70": [8.45, 3922.0]}