{"55-1": [10.083333333333334, 4035.9999999999995], "55-2": [9.75, 3943.0], "55-3": [7.716666666666667, 2935.0], "55-4": [9.05, 3746.0], "55-5": [8.75, 3087.0], "55-6": [8.166666666666666, 3310.0], "55-7": [9.433333333333334, 3640.0], "55-8": [9.0, 3490.0], "55-9": [10.266666666666667, 4053.0], "55-10": [12.216666666666667, 5586.0], "55-11": [2.85, 851.0], "55-12": [10.816666666666666, 4300.0], "55-13": [12.35, 5739.0], "55-14": [6.75, 2426.0], "55-15": [6.983333333333333, 2451.0], "55-16": [6.616666666666666, 3538.0], "55-17": [9.916666666666666, 4186.0], "55-18": [10.583333333333334, 4519.0], "55-19": [8.183333333333334, 3040.0], "55-20": [9.4, 3957.0], "55-21": [10.25, 4214.0], "55-22": [11.65, 4576.0], "55-23": [11.266666666666667, 4548.0], "55-24": [10.716666666666667, 4283.0], "55-25": [2.25, 655.0], "55-26": [7.716666666666667, 3511.0], "55-27": [9.7, 3740.0], "55-28": [8.05, 2820.0], "55-29": [6.333333333333333, 3790.0], "55-30": [5.266666666666667, 2309.0], "55-31": [3.816666666666667, 1731.0], "55-32": [3.533333333333333, 1502.0], "55-33": [4.1, 1961.0], "55-34": [3.1333333333333333, 1485.0], "55-35": [2.966666666666667, 1318.0], "55-36": [3.5166666666666666, 1833.0], "55-37": [4.1, 2134.0], "55-38": [4.516666666666667, 2398.0], "55-39": [6.15, 3540.0], "55-40": [6.166666666666667, 3263.0], "55-41": [6.666666666666667, 3488.0], "55-42": [4.783333333333333, 2588.0], "55-43": [5.6, 2546.0], "55-44": [7.4, 2984.0], "55-45": [6.866666666666666, 2222.0], "55-46": [6.966666666666667, 2149.0], "55-47": [4.25, 1469.0], "55-48": [2.7333333333333334, 532.0], "55-49": [3.25, 1197.0], "55-50": [3.5, 1459.0], "55-51": [7.5, 2941.0], "55-52": [5.416666666666667, 1759.0], "55-53": [4.266666666666667, 1035.0], "55-54": [2.0833333333333335, 561.0], "55-56": [8.683333333333334, 4355.0], "55-57": [8.5, 4562.0], "55-58": [7.733333333333333, 3489.0], "55-59": [4.833333333333333, 2047.0000000000002], "55-60": [4.583333333333333, 1123.0], "55-61": [6.616666666666666, 2925.0], "55-62": [4.866666666666666, 2080.0], "55-63": [7.283333333333333, 3200.0], "55-64": [5.75, 2069.0], "55-65": [6.95, 2413.0], "55-66": [7.75, 2807.0], "55-67": [8.5, 2681.0], "55-68": [8.216666666666667, 3713.0], "55-69": [5.15, 2434.0], "55-70": [8.466666666666667, 3339.0]}