{"56-1": [9.866666666666667, 5481.0], "56-2": [9.566666666666666, 5388.0], "56-3": [7.533333333333333, 4380.0], "56-4": [10.65, 6027.0], "56-5": [12.2, 6500.0], "56-6": [11.933333333333334, 6423.0], "56-7": [11.2, 6452.0], "56-8": [10.766666666666667, 6302.0], "56-9": [12.583333333333334, 6501.0], "56-10": [13.833333333333334, 7867.0], "56-11": [8.066666666666666, 4532.0], "56-12": [10.6, 5745.0], "56-13": [13.983333333333333, 8020.0], "56-14": [8.35, 4707.0], "56-15": [8.583333333333334, 4732.0], "56-16": [11.35, 7308.0], "56-17": [11.483333333333333, 6467.0], "56-18": [12.15, 6800.0], "56-19": [12.333333333333334, 7074.0], "56-20": [10.966666666666667, 6238.0], "56-21": [11.833333333333334, 6495.0], "56-22": [14.0, 7811.0], "56-23": [13.616666666666667, 7783.0], "56-24": [13.066666666666666, 7518.0], "56-25": [6.35, 4303.0], "56-26": [9.316666666666666, 5792.0], "56-27": [12.6, 7126.0], "56-28": [9.766666666666667, 5412.0], "56-29": [2.5833333333333335, 1445.0], "56-30": [4.333333333333333, 2486.0], "56-31": [4.45, 2989.0], "56-32": [5.15, 3628.0], "56-33": [6.983333333333333, 4515.0], "56-34": [7.533333333333333, 5056.0], "56-35": [7.666666666666667, 5088.0], "56-36": [8.216666666666667, 5603.0], "56-37": [8.8, 5904.0], "56-38": [9.216666666666667, 6168.0], "56-39": [10.85, 7310.0], "56-40": [10.866666666666667, 7033.0], "56-41": [12.933333333333334, 6778.0], "56-42": [9.483333333333333, 6358.0], "56-43": [10.283333333333333, 6316.0], "56-44": [13.0, 6386.0], "56-45": [11.433333333333334, 5738.0], "56-46": [11.716666666666667, 6030.0], "56-47": [9.333333333333334, 4493.0], "56-48": [8.466666666666667, 4905.0], "56-49": [10.8, 5051.0], "56-50": [8.216666666666667, 5229.0], "56-51": [8.683333333333334, 5239.0], "56-52": [7.0, 4040.0], "56-53": [7.366666666666666, 4228.0], "56-54": [8.433333333333334, 4505.0], "56-55": [7.0, 4426.0], "56-57": [1.0833333333333333, 438.0], "56-58": [4.85, 2028.0], "56-59": [4.9, 2646.0], "56-60": [7.183333333333334, 3505.0], "56-61": [3.466666666666667, 2141.0], "56-62": [5.416666666666667, 3049.0], "56-63": [5.1, 2356.0], "56-64": [7.016666666666667, 4350.0], "56-65": [5.066666666666666, 3039.0], "56-66": [7.85, 4339.0], "56-67": [10.066666666666666, 4962.0], "56-68": [2.783333333333333, 675.0], "56-69": [3.533333333333333, 1990.0], "56-70": [10.116666666666667, 5620.0]}