{"57-1": [10.85, 6151.0], "57-2": [10.55, 6058.0], "57-3": [8.516666666666667, 5050.0], "57-4": [11.633333333333333, 6697.0], "57-5": [13.183333333333334, 7170.0], "57-6": [11.983333333333333, 7683.0], "57-7": [12.216666666666667, 7122.0], "57-8": [11.783333333333333, 6972.0], "57-9": [13.566666666666666, 7171.0], "57-10": [14.833333333333334, 8537.0], "57-11": [7.183333333333334, 4091.9999999999995], "57-12": [11.583333333333334, 6415.0], "57-13": [14.966666666666667, 8690.0], "57-14": [9.333333333333334, 5377.0], "57-15": [9.566666666666666, 5402.0], "57-16": [10.45, 6868.0], "57-17": [12.5, 7137.0], "57-18": [13.166666666666666, 7470.0], "57-19": [12.033333333333333, 7413.0], "57-20": [11.983333333333333, 6908.0], "57-21": [12.8, 7165.0], "57-22": [14.983333333333333, 8481.0], "57-23": [14.6, 8453.0], "57-24": [14.05, 8188.000000000001], "57-25": [5.466666666666667, 3863.0], "57-26": [10.3, 6462.0], "57-27": [13.583333333333334, 7796.0], "57-28": [10.783333333333333, 6082.0], "57-29": [1.7, 1004.9999999999999], "57-30": [3.45, 2045.9999999999998], "57-31": [3.566666666666667, 2549.0], "57-32": [4.266666666666667, 3188.0], "57-33": [6.1, 4075.0], "57-34": [6.65, 4616.0], "57-35": [6.783333333333333, 4648.0], "57-36": [7.333333333333333, 5163.0], "57-37": [7.916666666666667, 5464.0], "57-38": [8.333333333333334, 5728.0], "57-39": [9.966666666666667, 6870.0], "57-40": [9.983333333333333, 6593.0], "57-41": [10.483333333333333, 6818.0], "57-42": [8.6, 5918.0], "57-43": [9.4, 5876.0], "57-44": [11.183333333333334, 6314.0], "57-45": [10.766666666666667, 6595.0], "57-46": [10.866666666666667, 6522.0], "57-47": [9.133333333333333, 5402.0], "57-48": [7.583333333333333, 4465.0], "57-49": [8.1, 5130.0], "57-50": [7.316666666666666, 4789.0], "57-51": [9.666666666666666, 5909.0], "57-52": [7.983333333333333, 4710.0], "57-53": [8.35, 4898.0], "57-54": [7.233333333333333, 4494.0], "57-55": [6.116666666666666, 3986.0], "57-56": [1.8833333333333333, 796.0], "57-58": [4.633333333333334, 2176.0], "57-59": [5.333333333333333, 3575.0], "57-60": [6.066666666666666, 4008.0], "57-61": [4.45, 2811.0], "57-62": [4.733333333333333, 2751.0], "57-63": [4.316666666666666, 1913.0], "57-64": [8.0, 5020.0], "57-65": [6.05, 3709.0], "57-66": [8.833333333333334, 5009.0], "57-67": [11.083333333333334, 5632.0], "57-68": [3.683333333333333, 1345.0], "57-69": [3.95, 2408.0], "57-70": [11.116666666666667, 6290.0]}