{"58-1": [9.583333333333334, 5201.0], "58-2": [9.283333333333333, 5108.0], "58-3": [7.25, 4100.0], "58-4": [11.833333333333334, 5944.0], "58-5": [13.383333333333333, 6417.0], "58-6": [12.683333333333334, 6178.0], "58-7": [12.416666666666666, 6369.0], "58-8": [11.983333333333333, 6219.0], "58-9": [13.766666666666667, 6418.0], "58-10": [15.033333333333333, 7784.0], "58-11": [8.1, 3598.0], "58-12": [10.316666666666666, 5465.0], "58-13": [15.183333333333334, 7937.0], "58-14": [9.533333333333333, 4624.0], "58-15": [9.766666666666667, 4649.0], "58-16": [11.383333333333333, 6374.0], "58-17": [12.7, 6384.0], "58-18": [13.366666666666667, 6717.0], "58-19": [12.7, 5908.0], "58-20": [12.183333333333334, 6155.0], "58-21": [13.016666666666667, 6412.0], "58-22": [15.2, 7728.0], "58-23": [14.816666666666666, 7700.0], "58-24": [14.266666666666667, 7435.0], "58-25": [6.383333333333334, 3369.0], "58-26": [10.5, 5709.0], "58-27": [13.8, 7043.0], "58-28": [10.983333333333333, 5329.0], "58-29": [4.05, 1835.0], "58-30": [4.366666666666666, 1552.0], "58-31": [4.483333333333333, 2055.0], "58-32": [5.183333333333334, 2694.0], "58-33": [7.016666666666667, 3581.0], "58-34": [7.566666666666666, 4122.0], "58-35": [7.7, 4154.0], "58-36": [8.25, 4669.0], "58-37": [8.833333333333334, 4970.0], "58-38": [9.25, 5234.0], "58-39": [10.883333333333333, 6376.0], "58-40": [10.9, 6099.0], "58-41": [11.4, 6324.0], "58-42": [9.516666666666667, 5424.0], "58-43": [10.316666666666666, 5382.0], "58-44": [12.066666666666666, 5820.0], "58-45": [11.483333333333333, 5090.0], "58-46": [11.6, 5017.0], "58-47": [9.516666666666667, 4324.0], "58-48": [8.5, 3971.0], "58-49": [9.016666666666667, 4636.0], "58-50": [8.25, 4295.0], "58-51": [9.733333333333333, 5156.0], "58-52": [8.183333333333334, 3957.0], "58-53": [8.55, 4145.0], "58-54": [8.133333333333333, 4000.0], "58-55": [7.033333333333333, 3492.0], "58-56": [4.416666666666667, 1618.0], "58-57": [4.283333333333333, 1825.0], "58-59": [5.016666666666667, 2316.0], "58-60": [5.75, 2749.0], "58-61": [4.65, 2058.0], "58-62": [5.433333333333334, 1530.0], "58-63": [4.0, 873.0], "58-64": [8.2, 4267.0], "58-65": [6.25, 2956.0], "58-66": [8.9, 4256.0], "58-67": [11.3, 4879.0], "58-68": [4.616666666666666, 1344.0], "58-69": [3.283333333333333, 1088.0], "58-70": [11.316666666666666, 5537.0]}