{"59-1": [8.6, 4290.0], "59-2": [8.3, 4197.0], "59-3": [6.266666666666667, 3189.0], "59-4": [9.683333333333334, 4708.0], "59-5": [10.433333333333334, 4424.0], "59-6": [9.833333333333334, 4647.0], "59-7": [10.266666666666667, 5133.0], "59-8": [9.833333333333334, 4983.0], "59-9": [11.616666666666667, 5182.0], "59-10": [12.833333333333334, 6548.0], "59-11": [6.25, 2330.0], "59-12": [9.333333333333334, 4554.0], "59-13": [12.983333333333333, 6701.0], "59-14": [7.383333333333334, 3388.0], "59-15": [7.616666666666666, 3413.0], "59-16": [9.733333333333333, 5508.0], "59-17": [10.55, 5148.0], "59-18": [11.216666666666667, 5481.0], "59-19": [9.85, 4377.0], "59-20": [10.033333333333333, 4919.0], "59-21": [10.866666666666667, 5176.0], "59-22": [13.033333333333333, 6492.0], "59-23": [12.65, 6464.0], "59-24": [12.1, 6199.0], "59-25": [3.95, 1842.0], "59-26": [8.35, 4473.0], "59-27": [11.383333333333333, 5077.0], "59-28": [8.833333333333334, 4093.0], "59-29": [4.7, 2982.0], "59-30": [4.466666666666667, 1972.0], "59-31": [3.2666666666666666, 1519.0], "59-32": [3.6333333333333333, 1828.0], "59-33": [5.333333333333333, 2715.0], "59-34": [5.933333333333334, 3256.0], "59-35": [6.066666666666666, 3288.0], "59-36": [6.616666666666666, 3803.0], "59-37": [7.2, 4104.0], "59-38": [7.616666666666666, 4368.0], "59-39": [9.25, 5510.0], "59-40": [9.266666666666667, 5233.0], "59-41": [9.666666666666666, 4027.0], "59-42": [7.883333333333334, 4558.0], "59-43": [8.683333333333334, 4516.0], "59-44": [9.933333333333334, 3842.0], "59-45": [8.55, 3559.0], "59-46": [8.65, 3486.0], "59-47": [6.616666666666666, 2793.0], "59-48": [6.866666666666666, 3105.0], "59-49": [6.666666666666667, 2809.0], "59-50": [6.6, 3429.0], "59-51": [7.816666666666666, 3903.0], "59-52": [6.05, 2721.0], "59-53": [5.933333333333334, 2364.0], "59-54": [7.95, 2296.0], "59-55": [6.55, 1876.0], "59-56": [5.116666666666666, 2696.0], "59-57": [4.933333333333334, 2903.0], "59-58": [5.1, 2309.0], "59-60": [2.816666666666667, 1218.0], "59-61": [3.4166666666666665, 1266.0], "59-62": [2.25, 900.0], "59-63": [4.683333333333334, 2020.0], "59-64": [6.066666666666666, 3031.0], "59-65": [4.4, 1720.0], "59-66": [7.95, 3204.0], "59-67": [9.15, 3643.0], "59-68": [5.433333333333334, 2389.0], "59-69": [2.55, 1254.0], "59-70": [9.116666666666667, 4301.0]}