{"6-1": [8.616666666666667, 5036.0], "6-2": [8.333333333333334, 4943.0], "6-3": [9.866666666666667, 4573.0], "6-4": [2.7666666666666666, 778.0], "6-5": [0.7333333333333333, 174.0], "6-7": [4.216666666666667, 1180.0], "6-8": [3.783333333333333, 1030.0], "6-9": [5.066666666666666, 1593.0], "6-10": [7.133333333333334, 3013.0], "6-11": [8.166666666666666, 3654.0], "6-12": [9.366666666666667, 5300.0], "6-13": [7.283333333333333, 3166.0], "6-14": [3.6333333333333333, 1772.0], "6-15": [3.8666666666666667, 1797.0], "6-16": [4.35, 1549.0], "6-17": [4.4, 1195.0], "6-18": [5.066666666666666, 1528.0], "6-19": [3.783333333333333, 1324.0], "6-20": [4.366666666666666, 1384.0], "6-21": [5.233333333333333, 1641.0], "6-22": [6.983333333333333, 2539.0], "6-23": [6.6, 2511.0], "6-24": [6.066666666666666, 2246.0], "6-25": [9.033333333333333, 4300.0], "6-26": [4.133333333333334, 1327.0], "6-27": [5.583333333333333, 1854.0], "6-28": [4.616666666666666, 2053.0], "6-29": [12.216666666666667, 6916.0], "6-30": [12.05, 5954.0], "6-31": [10.55, 5376.0], "6-32": [10.233333333333333, 5147.0], "6-33": [10.0, 4341.0], "6-34": [9.033333333333333, 3865.0], "6-35": [8.866666666666667, 3698.0], "6-36": [6.883333333333334, 2873.0], "6-37": [6.516666666666667, 2576.0], "6-38": [6.0, 2231.0], "6-39": [3.816666666666667, 1551.0], "6-40": [4.466666666666667, 1520.0], "6-41": [2.8, 970.0], "6-42": [5.216666666666667, 2445.0], "6-43": [5.433333333333334, 2025.9999999999998], "6-44": [5.45, 1650.0], "6-45": [3.183333333333333, 1048.0], "6-46": [4.166666666666667, 1294.0], "6-47": [4.916666666666667, 1907.0], "6-48": [8.816666666666666, 3742.0], "6-49": [7.0, 2667.0], "6-50": [8.05, 2841.0], "6-51": [6.916666666666667, 3309.0], "6-52": [5.55, 2431.0], "6-53": [7.633333333333334, 2573.0], "6-54": [7.4, 3364.0], "6-55": [8.933333333333334, 3713.0], "6-56": [11.4, 5993.0], "6-57": [11.216666666666667, 6200.0], "6-58": [12.116666666666667, 5795.0], "6-59": [9.416666666666666, 4642.0], "6-60": [8.333333333333334, 3626.0], "6-61": [9.333333333333334, 4563.0], "6-62": [10.316666666666666, 5193.0], "6-63": [12.55, 6204.0], "6-64": [6.85, 3262.0], "6-65": [9.066666666666666, 4051.0], "6-66": [9.383333333333333, 3680.0], "6-67": [8.383333333333333, 2632.0], "6-68": [11.733333333333333, 5686.0], "6-69": [10.333333333333334, 5445.0], "6-70": [4.883333333333334, 1608.0]}