{"60-1": [7.95, 3139.0], "60-2": [7.65, 3046.0], "60-3": [5.616666666666666, 2037.9999999999998], "60-4": [8.416666666666666, 3685.0], "60-5": [8.683333333333334, 3692.0], "60-6": [8.1, 3915.0], "60-7": [9.0, 4110.0], "60-8": [8.583333333333334, 3960.0], "60-9": [10.35, 4159.0], "60-10": [11.566666666666666, 5525.0], "60-11": [4.116666666666666, 1076.0], "60-12": [8.683333333333334, 3403.0], "60-13": [11.716666666666667, 5678.0], "60-14": [6.116666666666666, 2365.0], "60-15": [6.35, 2390.0], "60-16": [10.25, 3659.0], "60-17": [9.283333333333333, 4125.0], "60-18": [9.966666666666667, 4458.0], "60-19": [8.116666666666667, 3645.0], "60-20": [8.783333333333333, 3896.0], "60-21": [9.633333333333333, 4153.0], "60-22": [11.566666666666666, 5181.0], "60-23": [11.2, 5153.0], "60-24": [10.633333333333333, 4888.0], "60-25": [3.1, 1707.0], "60-26": [7.083333333333333, 3450.0], "60-27": [9.616666666666667, 4345.0], "60-28": [7.566666666666666, 3070.0], "60-29": [5.366666666666666, 3455.0], "60-30": [4.55, 2500.0], "60-31": [3.1, 1922.0], "60-32": [2.783333333333333, 1693.0], "60-33": [4.483333333333333, 2580.0], "60-34": [5.466666666666667, 2369.0], "60-35": [5.216666666666667, 3153.0], "60-36": [5.766666666666667, 3668.0], "60-37": [6.35, 3969.0], "60-38": [6.766666666666667, 4233.0], "60-39": [9.066666666666666, 4189.0], "60-40": [8.416666666666666, 5098.0], "60-41": [7.9, 3295.0], "60-42": [7.033333333333333, 4423.0], "60-43": [7.85, 4381.0], "60-44": [8.166666666666666, 3110.0], "60-45": [6.783333333333333, 2827.0], "60-46": [6.883333333333334, 2754.0], "60-47": [4.85, 2061.0], "60-48": [6.016666666666667, 2970.0], "60-49": [4.916666666666667, 2077.0], "60-50": [5.75, 3294.0], "60-51": [6.55, 2880.0], "60-52": [4.783333333333333, 1698.0], "60-53": [4.133333333333334, 1265.0], "60-54": [4.966666666666667, 1542.0], "60-55": [4.883333333333334, 1144.0], "60-56": [5.433333333333334, 3333.0], "60-57": [5.25, 3540.0], "60-58": [5.766666666666667, 2782.0], "60-59": [2.683333333333333, 1206.0], "60-61": [3.3666666666666667, 1903.0], "60-62": [2.933333333333333, 1373.0], "60-63": [5.35, 2493.0], "60-64": [4.8, 2008.0], "60-65": [4.1, 1809.0], "60-66": [6.966666666666667, 2181.0], "60-67": [7.866666666666666, 2620.0], "60-68": [5.75, 3026.0], "60-69": [3.216666666666667, 1727.0], "60-70": [7.85, 3278.0]}