{"61-1": [6.25, 3710.0], "61-2": [5.966666666666667, 3617.0], "61-3": [3.933333333333333, 2609.0], "61-4": [8.25, 4632.0], "61-5": [9.816666666666666, 5105.0], "61-6": [9.566666666666666, 5028.0], "61-7": [8.833333333333334, 5057.0], "61-8": [8.4, 4907.0], "61-9": [10.183333333333334, 5106.0], "61-10": [11.4, 6472.0], "61-11": [6.883333333333334, 2891.0], "61-12": [7.033333333333333, 3974.0], "61-13": [11.55, 6625.0], "61-14": [5.95, 3312.0], "61-15": [6.183333333333334, 3337.0], "61-16": [10.916666666666666, 6372.0], "61-17": [9.133333333333333, 5072.0], "61-18": [9.783333333333333, 5405.0], "61-19": [9.983333333333333, 5679.0], "61-20": [8.6, 4843.0], "61-21": [9.45, 5100.0], "61-22": [11.6, 6416.0], "61-23": [11.216666666666667, 6388.0], "61-24": [10.666666666666666, 6123.0], "61-25": [5.616666666666666, 2749.0], "61-26": [6.916666666666667, 4397.0], "61-27": [10.216666666666667, 5731.0], "61-28": [7.4, 4017.0000000000005], "61-29": [4.5, 3014.0], "61-30": [4.733333333333333, 2739.0], "61-31": [4.85, 3242.0], "61-32": [4.8, 2692.0], "61-33": [6.5, 3579.0], "61-34": [7.1, 4120.0], "61-35": [7.233333333333333, 4152.0], "61-36": [7.783333333333333, 4667.0], "61-37": [8.366666666666667, 4968.0], "61-38": [8.783333333333333, 5232.0], "61-39": [10.416666666666666, 6374.0], "61-40": [10.433333333333334, 6097.0], "61-41": [10.533333333333333, 5383.0], "61-42": [9.05, 5422.0], "61-43": [9.85, 5380.0], "61-44": [10.583333333333334, 4991.0], "61-45": [9.033333333333333, 4343.0], "61-46": [9.3, 4635.0], "61-47": [6.983333333333333, 3098.0], "61-48": [7.483333333333333, 3488.0], "61-49": [8.45, 3656.0], "61-50": [7.783333333333333, 4293.0], "61-51": [6.383333333333334, 3827.0], "61-52": [4.616666666666666, 2645.0], "61-53": [4.966666666666667, 2833.0], "61-54": [6.066666666666666, 3110.0], "61-55": [7.216666666666667, 2819.0], "61-56": [3.683333333333333, 2091.0], "61-57": [3.5, 2298.0], "61-58": [4.333333333333333, 1893.0], "61-59": [3.0, 1216.0], "61-60": [4.85, 2075.0], "61-62": [3.9, 1767.0], "61-63": [4.833333333333333, 2302.0], "61-64": [5.083333333333333, 2336.0], "61-65": [2.1666666666666665, 1136.0], "61-66": [5.583333333333333, 2765.0], "61-67": [7.7, 3567.0], "61-68": [4.0, 1784.0], "61-69": [2.6333333333333333, 1543.0], "61-70": [7.666666666666667, 4225.0]}