{"62-1": [9.166666666666666, 4897.0], "62-2": [8.866666666666667, 4804.0], "62-3": [6.833333333333333, 3796.0], "62-4": [10.283333333333333, 5315.0], "62-5": [10.683333333333334, 4630.0], "62-6": [10.083333333333334, 4853.0], "62-7": [10.833333333333334, 5740.0], "62-8": [10.4, 5590.0], "62-9": [12.183333333333334, 5789.0], "62-10": [13.416666666666666, 7155.0], "62-11": [6.816666666666666, 2119.0], "62-12": [9.9, 5161.0], "62-13": [13.616666666666667, 7308.0], "62-14": [7.983333333333333, 3995.0], "62-15": [8.183333333333334, 4019.9999999999995], "62-16": [9.2, 5313.0], "62-17": [11.15, 5755.0], "62-18": [11.816666666666666, 6088.0], "62-19": [10.1, 4583.0], "62-20": [10.633333333333333, 5526.0], "62-21": [11.466666666666667, 5783.0], "62-22": [13.583333333333334, 6119.0], "62-23": [13.2, 6091.0], "62-24": [12.683333333333334, 5826.0], "62-25": [3.3833333333333333, 1647.0], "62-26": [8.916666666666666, 5080.0], "62-27": [11.666666666666666, 5283.0], "62-28": [9.4, 4700.0], "62-29": [4.066666666666666, 2358.0], "62-30": [3.45, 1411.0], "62-31": [2.7333333333333334, 1329.0], "62-32": [3.1, 1633.0], "62-33": [4.8, 2520.0], "62-34": [5.4, 3061.0], "62-35": [5.533333333333333, 3093.0], "62-36": [6.083333333333333, 3608.0], "62-37": [6.666666666666667, 3909.0], "62-38": [7.083333333333333, 4173.0], "62-39": [8.716666666666667, 5315.0], "62-40": [8.733333333333333, 5038.0], "62-41": [9.95, 4233.0], "62-42": [7.35, 4363.0], "62-43": [8.166666666666666, 4321.0], "62-44": [10.2, 4048.0], "62-45": [8.816666666666666, 3765.0], "62-46": [8.916666666666666, 3692.0], "62-47": [6.866666666666666, 2999.0], "62-48": [6.333333333333333, 2910.0], "62-49": [6.916666666666667, 3015.0], "62-50": [6.066666666666666, 3234.0], "62-51": [8.4, 4510.0], "62-52": [6.633333333333334, 3328.0], "62-53": [6.2, 2570.0], "62-54": [5.983333333333333, 2939.0], "62-55": [4.866666666666666, 2431.0], "62-56": [5.233333333333333, 2558.0], "62-57": [5.1, 2765.0], "62-58": [4.466666666666667, 1685.0], "62-59": [2.35, 991.0], "62-60": [3.0833333333333335, 1424.0], "62-61": [4.55, 1908.0], "62-63": [4.05, 1396.0], "62-64": [6.65, 3638.0], "62-65": [4.966666666666667, 2327.0], "62-66": [8.516666666666667, 3811.0], "62-67": [9.733333333333333, 4250.0], "62-68": [5.433333333333334, 2284.0], "62-69": [2.433333333333333, 1004.9999999999999], "62-70": [9.75, 4908.0]}