{"63-1": [10.15, 5583.0], "63-2": [9.85, 5490.0], "63-3": [7.8, 4482.0], "63-4": [12.416666666666666, 6326.0], "63-5": [13.216666666666667, 5688.0], "63-6": [12.566666666666666, 5911.0], "63-7": [12.983333333333333, 6751.0], "63-8": [12.55, 6601.0], "63-9": [14.333333333333334, 6800.0], "63-10": [15.616666666666667, 8166.0], "63-11": [7.966666666666667, 3331.0], "63-12": [10.85, 5847.0], "63-13": [15.75, 8319.0], "63-14": [10.116666666666667, 5006.0], "63-15": [10.35, 5031.0], "63-16": [11.25, 6107.0], "63-17": [13.283333333333333, 6766.0], "63-18": [13.95, 7099.0], "63-19": [12.583333333333334, 5641.0], "63-20": [12.766666666666667, 6537.0], "63-21": [13.6, 6794.0], "63-22": [15.766666666666667, 8109.999999999999], "63-23": [15.383333333333333, 8082.000000000001], "63-24": [14.833333333333334, 7817.0], "63-25": [6.25, 3102.0], "63-26": [11.083333333333334, 6091.0], "63-27": [14.116666666666667, 6341.0], "63-28": [11.55, 5711.0], "63-29": [3.9, 1542.0], "63-30": [4.25, 1285.0], "63-31": [4.35, 1788.0], "63-32": [5.05, 2427.0], "63-33": [6.883333333333334, 3314.0], "63-34": [7.433333333333334, 3855.0], "63-35": [7.566666666666666, 3887.0], "63-36": [8.116666666666667, 4402.0], "63-37": [8.7, 4703.0], "63-38": [9.116666666666667, 4967.0], "63-39": [10.75, 6109.0], "63-40": [10.766666666666667, 5832.0], "63-41": [11.266666666666667, 6057.0], "63-42": [9.383333333333333, 5157.0], "63-43": [10.183333333333334, 5115.0], "63-44": [11.95, 5553.0], "63-45": [11.366666666666667, 4823.0], "63-46": [11.45, 4750.0], "63-47": [9.366666666666667, 4057.0000000000005], "63-48": [8.366666666666667, 3704.0], "63-49": [8.883333333333333, 4369.0], "63-50": [8.116666666666667, 4027.9999999999995], "63-51": [10.3, 5538.0], "63-52": [8.766666666666667, 4339.0], "63-53": [8.716666666666667, 3628.0], "63-54": [8.0, 3733.0], "63-55": [6.9, 3225.0], "63-56": [5.25, 1985.0], "63-57": [5.116666666666666, 2192.0], "63-58": [4.15, 869.0], "63-59": [4.883333333333334, 2049.0], "63-60": [5.616666666666666, 2482.0], "63-61": [5.216666666666667, 2440.0], "63-62": [5.3, 1263.0], "63-64": [8.766666666666667, 4649.0], "63-65": [6.816666666666666, 3338.0], "63-66": [9.466666666666667, 4638.0], "63-67": [11.866666666666667, 5261.0], "63-68": [5.45, 1711.0], "63-69": [3.933333333333333, 1470.0], "63-70": [11.933333333333334, 5919.0]}