{"64-1": [6.35, 2634.0], "64-2": [6.066666666666666, 2541.0], "64-3": [4.033333333333333, 1533.0], "64-4": [7.95, 3964.0], "64-5": [9.516666666666667, 4437.0], "64-6": [9.283333333333333, 4360.0], "64-7": [8.55, 4389.0], "64-8": [8.116666666666667, 4239.0], "64-9": [9.9, 4438.0], "64-10": [10.566666666666666, 6908.0], "64-11": [7.366666666666666, 2223.0], "64-12": [7.116666666666666, 2898.0], "64-13": [10.716666666666667, 7061.0], "64-14": [5.65, 2644.0], "64-15": [5.883333333333334, 2669.0], "64-16": [11.416666666666666, 4995.0], "64-17": [8.833333333333334, 4404.0], "64-18": [9.5, 4737.0], "64-19": [9.683333333333334, 5011.0], "64-20": [7.783333333333333, 5279.0], "64-21": [8.633333333333333, 5536.0], "64-22": [11.316666666666666, 5748.0], "64-23": [10.933333333333334, 5720.0], "64-24": [10.383333333333333, 5455.0], "64-25": [5.983333333333333, 2116.0], "64-26": [6.416666666666667, 3026.0], "64-27": [9.916666666666666, 5063.0], "64-28": [7.1, 3349.0], "64-29": [8.4, 4732.0], "64-30": [8.683333333333334, 4105.0], "64-31": [7.216666666666667, 3527.0], "64-32": [6.9, 3298.0], "64-33": [7.783333333333333, 3142.0], "64-34": [8.166666666666666, 3662.0], "64-35": [8.0, 3495.0], "64-36": [8.55, 4010.0], "64-37": [9.133333333333333, 4311.0], "64-38": [9.55, 4575.0], "64-39": [11.466666666666667, 5294.0], "64-40": [11.4, 5068.0], "64-41": [10.233333333333333, 4715.0], "64-42": [9.816666666666666, 4765.0], "64-43": [10.25, 4182.0], "64-44": [11.0, 4152.0], "64-45": [8.733333333333333, 3675.0], "64-46": [9.716666666666667, 3796.0], "64-47": [6.666666666666667, 2430.0], "64-48": [7.183333333333334, 2820.0], "64-49": [8.166666666666666, 2988.0], "64-50": [8.55, 3636.0], "64-51": [4.4, 2124.0], "64-52": [3.9833333333333334, 1312.0], "64-53": [4.666666666666667, 2165.0], "64-54": [5.766666666666667, 2442.0], "64-55": [7.566666666666666, 2186.0], "64-56": [7.583333333333333, 3809.0], "64-57": [7.4, 4016.0], "64-58": [8.266666666666667, 3611.0], "64-59": [5.616666666666666, 2458.0], "64-60": [5.233333333333333, 1442.0], "64-61": [4.066666666666666, 1840.0], "64-62": [6.516666666666667, 3009.0], "64-63": [8.733333333333333, 4019.9999999999995], "64-65": [2.7666666666666666, 981.0], "64-66": [3.95, 1317.0], "64-67": [6.216666666666667, 1888.0], "64-68": [7.9, 3502.0], "64-69": [6.533333333333333, 3261.0], "64-70": [6.383333333333334, 2981.0]}