{"65-1": [5.816666666666666, 2737.0], "65-2": [5.533333333333333, 2644.0], "65-3": [3.5, 1636.0], "65-4": [8.216666666666667, 4457.0], "65-5": [9.783333333333333, 4930.0], "65-6": [9.55, 4853.0], "65-7": [8.8, 4882.0], "65-8": [8.366666666666667, 4732.0], "65-9": [10.15, 4931.0], "65-10": [11.366666666666667, 6297.0], "65-11": [6.85, 2716.0], "65-12": [6.583333333333333, 3001.0], "65-13": [11.516666666666667, 6450.0], "65-14": [5.916666666666667, 3137.0], "65-15": [6.15, 3162.0], "65-16": [11.666666666666666, 5488.0], "65-17": [9.083333333333334, 4897.0], "65-18": [9.766666666666667, 5230.0], "65-19": [9.95, 5504.0], "65-20": [8.583333333333334, 4668.0], "65-21": [9.433333333333334, 4925.0], "65-22": [11.583333333333334, 6241.0], "65-23": [11.2, 6213.0], "65-24": [10.633333333333333, 5948.0], "65-25": [5.483333333333333, 2609.0], "65-26": [6.883333333333334, 4222.0], "65-27": [10.166666666666666, 5556.0], "65-28": [7.366666666666666, 3842.0], "65-29": [6.3, 3936.0], "65-30": [6.55, 3661.0], "65-31": [5.633333333333334, 2781.0], "65-32": [5.316666666666666, 2552.0], "65-33": [7.016666666666667, 3439.0], "65-34": [7.616666666666666, 3980.0], "65-35": [7.75, 4011.9999999999995], "65-36": [8.3, 4527.0], "65-37": [8.883333333333333, 4828.0], "65-38": [9.3, 5092.0], "65-39": [11.733333333333333, 5787.0], "65-40": [10.95, 5957.0], "65-41": [10.5, 5208.0], "65-42": [9.566666666666666, 5282.0], "65-43": [10.5, 4675.0], "65-44": [10.55, 4816.0], "65-45": [9.0, 4168.0], "65-46": [9.266666666666667, 4460.0], "65-47": [6.933333333333334, 2923.0], "65-48": [7.45, 3313.0], "65-49": [8.416666666666666, 3481.0], "65-50": [8.3, 4153.0], "65-51": [5.683333333333334, 2679.0], "65-52": [4.583333333333333, 2470.0], "65-53": [4.933333333333334, 2658.0], "65-54": [6.033333333333333, 2935.0], "65-55": [7.083333333333333, 2679.0], "65-56": [5.483333333333333, 3013.0], "65-57": [5.3, 3220.0], "65-58": [6.15, 2815.0], "65-59": [4.033333333333333, 1712.0], "65-60": [4.0, 1690.0], "65-61": [2.3, 1191.0], "65-62": [4.933333333333334, 2263.0], "65-63": [6.633333333333334, 3224.0], "65-64": [4.0, 1532.0], "65-66": [4.866666666666666, 1779.0], "65-67": [7.383333333333334, 2317.0], "65-68": [5.8, 2706.0], "65-69": [4.433333333333334, 2465.0], "65-70": [7.55, 3410.0]}