{"66-1": [4.95, 1903.0], "66-2": [4.666666666666667, 1810.0], "66-3": [4.0, 1327.0], "66-4": [8.333333333333334, 3738.0], "66-5": [8.3, 4565.0], "66-6": [8.066666666666666, 4488.0], "66-7": [7.333333333333333, 4517.0], "66-8": [6.9, 4367.0], "66-9": [8.033333333333333, 4566.0], "66-10": [9.25, 5932.0], "66-11": [7.783333333333333, 2815.0], "66-12": [5.716666666666667, 2167.0], "66-13": [9.4, 6085.0], "66-14": [6.016666666666667, 2418.0], "66-15": [6.25, 2443.0], "66-16": [10.333333333333334, 5698.0], "66-17": [7.616666666666666, 4532.0], "66-18": [8.283333333333333, 4865.0], "66-19": [8.466666666666667, 5139.0], "66-20": [6.45, 4303.0], "66-21": [7.3, 4560.0], "66-22": [10.1, 5876.0], "66-23": [9.716666666666667, 5848.0], "66-24": [9.166666666666666, 5583.0], "66-25": [8.316666666666666, 2937.0], "66-26": [5.466666666666667, 2374.0], "66-27": [8.7, 5191.0], "66-28": [7.466666666666667, 3123.0], "66-29": [9.033333333333333, 5420.0], "66-30": [9.316666666666666, 5145.0], "66-31": [9.116666666666667, 4447.0], "66-32": [8.8, 4218.0], "66-33": [10.1, 3963.0], "66-34": [9.416666666666666, 3745.0], "66-35": [9.25, 3578.0], "66-36": [9.8, 4093.0], "66-37": [10.383333333333333, 4394.0], "66-38": [10.8, 4658.0], "66-39": [9.833333333333334, 5700.0], "66-40": [10.866666666666667, 5925.0], "66-41": [9.166666666666666, 5375.0], "66-42": [11.066666666666666, 4848.0], "66-43": [10.566666666666666, 3956.0], "66-44": [11.05, 3874.0], "66-45": [9.1, 3449.0], "66-46": [9.766666666666667, 3518.0], "66-47": [7.316666666666666, 2513.0], "66-48": [8.433333333333334, 2903.0], "66-49": [8.25, 3373.0], "66-50": [9.8, 3719.0], "66-51": [3.066666666666667, 1148.0], "66-52": [5.3, 1504.0], "66-53": [5.933333333333334, 2248.0], "66-54": [7.016666666666667, 2525.0], "66-55": [8.55, 2874.0], "66-56": [8.216666666666667, 4497.0], "66-57": [8.033333333333333, 4704.0], "66-58": [8.933333333333334, 4299.0], "66-59": [7.516666666666667, 3378.0], "66-60": [7.616666666666666, 2263.0], "66-61": [5.616666666666666, 2798.0], "66-62": [8.416666666666666, 3929.0], "66-63": [9.366666666666667, 4708.0], "66-64": [4.35, 1572.0], "66-65": [4.766666666666667, 1826.0], "66-67": [6.283333333333333, 1376.0], "66-68": [8.55, 4190.0], "66-69": [7.166666666666667, 3949.0], "66-70": [5.433333333333334, 2329.0]}