{"67-1": [8.083333333333334, 3313.0], "67-2": [7.783333333333333, 3220.0], "67-3": [7.266666666666667, 2056.0], "67-4": [8.05, 2712.0], "67-5": [9.616666666666667, 3185.0], "67-6": [9.366666666666667, 3108.0], "67-7": [8.633333333333333, 3137.0], "67-8": [8.2, 2987.0], "67-9": [10.0, 3186.0], "67-10": [11.2, 4552.0], "67-11": [8.266666666666667, 2694.0], "67-12": [8.816666666666666, 3577.0], "67-13": [11.35, 4705.0], "67-14": [5.733333333333333, 1392.0], "67-15": [5.966666666666667, 1417.0], "67-16": [12.033333333333333, 3940.0], "67-17": [8.933333333333334, 3152.0], "67-18": [9.6, 3485.0], "67-19": [9.766666666666667, 3759.0], "67-20": [8.416666666666666, 2923.0], "67-21": [9.266666666666667, 3180.0], "67-22": [11.4, 4496.0], "67-23": [11.016666666666667, 4468.0], "67-24": [10.466666666666667, 4203.0], "67-25": [9.116666666666667, 3340.0], "67-26": [5.666666666666667, 1479.0], "67-27": [10.0, 3811.0], "67-28": [7.183333333333334, 2097.0], "67-29": [12.283333333333333, 5956.0], "67-30": [12.116666666666667, 4994.0], "67-31": [10.633333333333333, 4416.0], "67-32": [10.316666666666666, 4187.0], "67-33": [10.85, 4100.0], "67-34": [9.883333333333333, 3624.0], "67-35": [9.716666666666667, 3457.0], "67-36": [10.283333333333333, 3972.0], "67-37": [10.866666666666667, 4273.0], "67-38": [11.283333333333333, 4537.0], "67-39": [11.35, 4043.9999999999995], "67-40": [12.033333333333333, 4013.0], "67-41": [10.333333333333334, 3463.0], "67-42": [11.7, 3633.0], "67-43": [10.333333333333334, 2930.0], "67-44": [11.216666666666667, 2924.0], "67-45": [8.816666666666666, 2423.0], "67-46": [9.933333333333334, 2568.0], "67-47": [6.633333333333334, 1898.0], "67-48": [8.9, 2782.0], "67-49": [8.116666666666667, 2456.0], "67-50": [10.1, 2826.0], "67-51": [4.633333333333334, 1116.0], "67-52": [3.6, 962.0], "67-53": [6.4, 2127.0], "67-54": [7.5, 2404.0], "67-55": [9.033333333333333, 2753.0], "67-56": [11.483333333333333, 5033.0], "67-57": [11.3, 5240.0], "67-58": [12.216666666666667, 4835.0], "67-59": [9.5, 3682.0], "67-60": [8.4, 2666.0], "67-61": [8.866666666666667, 3527.0], "67-62": [10.4, 4233.0], "67-63": [12.633333333333333, 5244.0], "67-64": [5.3, 1477.0], "67-65": [7.55, 2328.0], "67-66": [5.983333333333333, 1388.0], "67-68": [11.816666666666666, 4726.0], "67-69": [10.433333333333334, 4485.0], "67-70": [5.816666666666666, 1965.0]}