{"68-1": [9.133333333333333, 5028.0], "68-2": [8.85, 4935.0], "68-3": [6.816666666666666, 3927.0], "68-4": [9.9, 5574.0], "68-5": [11.45, 6047.0], "68-6": [11.216666666666667, 5970.0], "68-7": [10.483333333333333, 5999.0], "68-8": [10.083333333333334, 5849.0], "68-9": [11.833333333333334, 6048.0], "68-10": [13.116666666666667, 7414.0], "68-11": [8.55, 3833.0], "68-12": [9.883333333333333, 5292.0], "68-13": [13.266666666666667, 7567.0], "68-14": [7.633333333333334, 4254.0], "68-15": [7.866666666666666, 4279.0], "68-16": [11.933333333333334, 7555.0], "68-17": [10.766666666666667, 6014.0], "68-18": [11.433333333333334, 6347.0], "68-19": [11.616666666666667, 6621.0], "68-20": [10.25, 5785.0], "68-21": [11.1, 6042.0], "68-22": [13.25, 7358.0], "68-23": [12.866666666666667, 7330.0], "68-24": [12.316666666666666, 7065.0], "68-25": [6.533333333333333, 3806.0], "68-26": [8.6, 5339.0], "68-27": [11.883333333333333, 6673.0], "68-28": [9.083333333333334, 4959.0], "68-29": [3.283333333333333, 1925.0], "68-30": [4.933333333333334, 2733.0], "68-31": [5.033333333333333, 3236.0], "68-32": [5.733333333333333, 3875.0], "68-33": [7.566666666666666, 4762.0], "68-34": [8.116666666666667, 5303.0], "68-35": [8.25, 5335.0], "68-36": [8.8, 5850.0], "68-37": [9.383333333333333, 6151.0], "68-38": [9.8, 6415.0], "68-39": [11.433333333333334, 7557.0], "68-40": [11.45, 7280.0], "68-41": [12.183333333333334, 6325.0], "68-42": [10.066666666666666, 6605.0], "68-43": [10.866666666666667, 6563.0], "68-44": [12.283333333333333, 5933.0], "68-45": [10.716666666666667, 5285.0], "68-46": [11.0, 5577.0], "68-47": [8.633333333333333, 4040.0], "68-48": [9.05, 5152.0], "68-49": [10.116666666666667, 4598.0], "68-50": [8.8, 5476.0], "68-51": [7.966666666666667, 4786.0], "68-52": [6.283333333333333, 3587.0], "68-53": [6.616666666666666, 3775.0], "68-54": [7.716666666666667, 4051.9999999999995], "68-55": [7.583333333333333, 4673.0], "68-56": [2.2, 852.0], "68-57": [2.0166666666666666, 1059.0], "68-58": [4.183333333333334, 1575.0], "68-59": [4.183333333333334, 2193.0], "68-60": [6.416666666666667, 3052.0], "68-61": [2.75, 1688.0], "68-62": [4.7, 2596.0], "68-63": [4.433333333333334, 1903.0], "68-64": [6.3, 3897.0], "68-65": [4.35, 2586.0], "68-66": [7.133333333333334, 3886.0], "68-67": [9.383333333333333, 4509.0], "68-69": [2.816666666666667, 1537.0], "68-70": [9.366666666666667, 5167.0]}