{"69-1": [7.816666666666666, 4853.0], "69-2": [7.533333333333333, 4760.0], "69-3": [5.5, 3752.0], "69-4": [10.1, 5237.0], "69-5": [10.733333333333333, 4860.0], "69-6": [10.133333333333333, 5083.0], "69-7": [10.683333333333334, 5662.0], "69-8": [10.25, 5512.0], "69-9": [12.033333333333333, 5711.0], "69-10": [13.266666666666667, 7077.0], "69-11": [6.833333333333333, 2349.0], "69-12": [8.566666666666666, 5117.0], "69-13": [13.466666666666667, 7230.0], "69-14": [7.833333333333333, 3917.0], "69-15": [8.066666666666666, 3942.0], "69-16": [10.016666666666667, 5944.0], "69-17": [11.0, 5677.0], "69-18": [11.666666666666666, 6010.0], "69-19": [10.116666666666667, 4813.0], "69-20": [10.45, 5448.0], "69-21": [11.3, 5705.0], "69-22": [13.45, 7021.0], "69-23": [13.066666666666666, 6993.0], "69-24": [12.666666666666666, 6056.0], "69-25": [4.233333333333333, 2278.0], "69-26": [8.8, 5002.0], "69-27": [11.666666666666666, 5513.0], "69-28": [9.283333333333333, 4622.0], "69-29": [3.5166666666666666, 2093.0], "69-30": [3.4833333333333334, 1819.0], "69-31": [3.6, 2322.0], "69-32": [3.9166666666666665, 2264.0], "69-33": [5.616666666666666, 3151.0], "69-34": [6.216666666666667, 3692.0], "69-35": [6.35, 3724.0], "69-36": [6.9, 4239.0], "69-37": [7.483333333333333, 4540.0], "69-38": [7.9, 4804.0], "69-39": [9.533333333333333, 5946.0], "69-40": [9.55, 5669.0], "69-41": [9.95, 4463.0], "69-42": [8.166666666666666, 4994.0], "69-43": [8.966666666666667, 4952.0], "69-44": [10.216666666666667, 4278.0], "69-45": [8.833333333333334, 3995.0], "69-46": [8.933333333333334, 3922.0], "69-47": [6.883333333333334, 3229.0], "69-48": [7.15, 3541.0], "69-49": [6.933333333333334, 3245.0], "69-50": [6.883333333333334, 3865.0], "69-51": [7.983333333333333, 4808.0], "69-52": [6.466666666666667, 3250.0], "69-53": [6.233333333333333, 2800.0], "69-54": [8.233333333333333, 2733.0], "69-55": [6.833333333333333, 2312.0], "69-56": [3.35, 1574.0], "69-57": [3.216666666666667, 1781.0], "69-58": [3.0833333333333335, 973.0], "69-59": [2.3666666666666667, 1221.0], "69-60": [3.1, 1654.0], "69-61": [3.1333333333333333, 1351.0], "69-62": [2.35, 1068.0], "69-63": [3.5833333333333335, 1382.0], "69-64": [6.5, 3560.0], "69-65": [4.55, 2249.0], "69-66": [7.15, 3908.0], "69-67": [9.583333333333334, 4172.0], "69-68": [3.55, 1300.0], "69-70": [9.566666666666666, 4830.0]}