{"70-1": [7.116666666666666, 4115.0], "70-2": [6.833333333333333, 4022.0000000000005], "70-3": [7.133333333333334, 2950.0], "70-4": [3.4833333333333334, 1502.0], "70-5": [4.4, 1777.0], "70-6": [4.816666666666666, 1898.0], "70-7": [4.083333333333333, 1927.0], "70-8": [3.65, 1777.0], "70-9": [5.483333333333333, 1976.0], "70-10": [6.6, 3342.0], "70-11": [7.133333333333334, 3050.0], "70-12": [7.883333333333334, 4379.0], "70-13": [6.75, 3495.0], "70-14": [2.6, 1168.0], "70-15": [2.8333333333333335, 1193.0], "70-16": [7.166666666666667, 2827.0], "70-17": [4.366666666666666, 1942.0], "70-18": [5.033333333333333, 2275.0], "70-19": [5.216666666666667, 2549.0], "70-20": [3.85, 1713.0], "70-21": [4.733333333333333, 1970.0], "70-22": [6.85, 3286.0], "70-23": [6.466666666666667, 3258.0], "70-24": [5.933333333333334, 2993.0], "70-25": [8.0, 3696.0], "70-26": [1.1166666666666667, 370.0], "70-27": [5.45, 2601.0], "70-28": [4.05, 1873.0], "70-29": [11.166666666666666, 6312.0], "70-30": [11.0, 5350.0], "70-31": [9.516666666666667, 4772.0], "70-32": [9.2, 4543.0], "70-33": [9.733333333333333, 4456.0], "70-34": [8.766666666666667, 3980.0], "70-35": [8.6, 3813.0], "70-36": [7.65, 2904.0], "70-37": [8.25, 3205.0], "70-38": [8.15, 4148.0], "70-39": [6.466666666666667, 2931.0], "70-40": [7.116666666666666, 2900.0], "70-41": [5.45, 2350.0], "70-42": [7.616666666666666, 3859.0], "70-43": [7.25, 2706.0], "70-44": [8.1, 2700.0], "70-45": [5.683333333333334, 2199.0], "70-46": [6.816666666666666, 2344.0], "70-47": [4.8, 1806.0], "70-48": [7.783333333333333, 3138.0], "70-49": [6.75, 2812.0], "70-50": [7.933333333333334, 2740.0], "70-51": [5.283333333333333, 2009.9999999999998], "70-52": [3.35, 1369.0], "70-53": [5.266666666666667, 2483.0], "70-54": [6.366666666666666, 2760.0], "70-55": [7.916666666666667, 3109.0], "70-56": [10.333333333333334, 5389.0], "70-57": [10.166666666666666, 5596.0], "70-58": [11.066666666666666, 5191.0], "70-59": [8.383333333333333, 4038.0000000000005], "70-60": [7.266666666666667, 3022.0], "70-61": [8.283333333333333, 3959.0], "70-62": [9.283333333333333, 4589.0], "70-63": [11.5, 5600.0], "70-64": [5.05, 1884.0], "70-65": [7.3, 2735.0], "70-66": [5.866666666666666, 2282.0], "70-67": [4.716666666666667, 1234.0], "70-68": [10.683333333333334, 5082.0], "70-69": [9.3, 4841.0]}