{"8-1": [8.316666666666666, 4785.0], "8-2": [8.016666666666667, 4692.0], "8-3": [9.966666666666667, 4676.0], "8-4": [2.8666666666666667, 881.0], "8-5": [1.3166666666666667, 395.0], "8-6": [1.0833333333333333, 318.0], "8-7": [0.2, 67.0], "8-9": [1.3666666666666667, 575.0], "8-10": [4.216666666666667, 2572.0], "8-11": [8.266666666666667, 3757.0], "8-12": [9.05, 5049.0], "8-13": [4.366666666666666, 2725.0], "8-14": [3.7333333333333334, 1875.0], "8-15": [3.966666666666667, 1900.0], "8-16": [3.2, 1528.0], "8-17": [0.5, 362.0], "8-18": [1.1666666666666667, 695.0], "8-19": [1.35, 969.0], "8-20": [2.25, 768.0], "8-21": [3.25, 1025.0], "8-22": [3.25, 1521.0], "8-23": [2.8666666666666667, 1493.0], "8-24": [2.316666666666667, 1228.0], "8-25": [9.133333333333333, 4403.0], "8-26": [4.233333333333333, 1430.0], "8-27": [1.8333333333333333, 836.0], "8-28": [4.716666666666667, 2156.0], "8-29": [11.216666666666667, 7800.0], "8-30": [10.183333333333334, 6319.0], "8-31": [8.7, 5741.0], "8-32": [8.383333333333333, 5512.0], "8-33": [7.9, 4800.0], "8-34": [6.933333333333334, 4324.0], "8-35": [6.766666666666667, 4157.0], "8-36": [5.166666666666667, 3210.0], "8-37": [4.8, 2913.0], "8-38": [4.283333333333333, 2568.0], "8-39": [2.7333333333333334, 1530.0], "8-40": [3.7333333333333334, 1755.0], "8-41": [2.066666666666667, 1205.0], "8-42": [3.75, 2279.0], "8-43": [4.7, 2261.0], "8-44": [5.066666666666666, 1885.0], "8-45": [3.3833333333333333, 1232.0], "8-46": [3.783333333333333, 1529.0], "8-47": [5.016666666666667, 2009.9999999999998], "8-48": [9.583333333333334, 3573.0], "8-49": [6.816666666666666, 2853.0], "8-50": [7.783333333333333, 3027.0], "8-51": [6.6, 3058.0], "8-52": [5.65, 2534.0], "8-53": [7.283333333333333, 3439.0], "8-54": [7.5, 3467.0], "8-55": [8.083333333333334, 4763.0], "8-56": [11.5, 6096.0], "8-57": [11.316666666666666, 6303.0], "8-58": [12.216666666666667, 5898.0], "8-59": [9.516666666666667, 4745.0], "8-60": [8.433333333333334, 3729.0], "8-61": [9.433333333333334, 4666.0], "8-62": [10.416666666666666, 5296.0], "8-63": [12.65, 6307.0], "8-64": [6.95, 3365.0], "8-65": [9.166666666666666, 4154.0], "8-66": [9.05, 4299.0], "8-67": [8.483333333333333, 2735.0], "8-68": [11.816666666666666, 5789.0], "8-69": [10.433333333333334, 5548.0], "8-70": [4.983333333333333, 1711.0]}