{"9-1": [8.716666666666667, 4948.0], "9-2": [8.416666666666666, 4855.0], "9-3": [10.983333333333333, 5544.0], "9-4": [4.8, 1372.0], "9-5": [3.6333333333333333, 954.0], "9-6": [3.4, 877.0], "9-7": [1.9666666666666666, 607.0], "9-8": [1.95, 602.0], "9-10": [3.533333333333333, 2094.0], "9-11": [10.433333333333334, 4169.0], "9-12": [9.45, 5212.0], "9-13": [3.7, 2247.0], "9-14": [5.9, 2287.0], "9-15": [6.133333333333334, 2312.0], "9-16": [5.716666666666667, 2175.0], "9-17": [2.8333333333333335, 921.0], "9-18": [3.5, 1254.0], "9-19": [3.683333333333333, 1528.0], "9-20": [2.75, 642.0], "9-21": [3.75, 899.0], "9-22": [2.55, 1043.0], "9-23": [2.1666666666666665, 1014.9999999999999], "9-24": [1.5666666666666667, 808.0], "9-25": [11.3, 4815.0], "9-26": [5.633333333333334, 1641.0], "9-27": [2.4, 1165.0], "9-28": [6.783333333333333, 2992.0], "9-29": [13.733333333333333, 8447.0], "9-30": [12.716666666666667, 6966.0], "9-31": [11.216666666666667, 6388.0], "9-32": [10.9, 6159.0], "9-33": [10.416666666666666, 5447.0], "9-34": [9.45, 4971.0], "9-35": [9.283333333333333, 4804.0], "9-36": [7.683333333333334, 3857.0], "9-37": [7.316666666666666, 3560.0], "9-38": [6.8, 3215.0], "9-39": [5.25, 2177.0], "9-40": [6.066666666666666, 2314.0], "9-41": [4.4, 1764.0], "9-42": [6.266666666666667, 2926.0], "9-43": [7.033333333333333, 2820.0], "9-44": [7.383333333333334, 2444.0], "9-45": [5.7, 1791.0], "9-46": [6.1, 2088.0], "9-47": [7.3, 2569.0], "9-48": [11.083333333333334, 4257.0], "9-49": [9.166666666666666, 3412.0], "9-50": [10.116666666666667, 3586.0], "9-51": [7.0, 3221.0], "9-52": [7.8, 2946.0], "9-53": [8.583333333333334, 3602.0], "9-54": [9.666666666666666, 3879.0], "9-55": [10.6, 5410.0], "9-56": [13.666666666666666, 6508.0], "9-57": [13.5, 6715.0], "9-58": [14.4, 6310.0], "9-59": [11.7, 5157.0], "9-60": [10.616666666666667, 4141.0], "9-61": [11.616666666666667, 5078.0], "9-62": [12.6, 5708.0], "9-63": [14.833333333333334, 6719.0], "9-64": [9.116666666666667, 3777.0], "9-65": [10.483333333333333, 6099.0], "9-66": [9.45, 4462.0], "9-67": [10.2, 3147.0], "9-68": [14.016666666666667, 6201.0], "9-69": [12.633333333333333, 5960.0], "9-70": [6.383333333333334, 1922.0]}